reach_id,region,original_facc,corrected_facc,delta,delta_pct,correction_type
51150100245,OC,1655.1429,1656.6021,1.4591,0.09,single_upstream
57109100215,OC,46.3743,46.4476,0.0734,0.16,single_upstream
52160600151,OC,1742.0885,1745.2178,3.1292,0.18,single_upstream
53130100825,OC,18.7007,117.9421,99.2413,530.68,single_upstream
51501600473,OC,919.8385,920.3624,0.5239,0.06,single_upstream
51111300301,OC,711.2593,711.8046,0.5452,0.08,single_upstream
56827000071,OC,93106.4794,93115.7891,9.3096,0.01,single_upstream
53159303015,OC,752.9453,756.8221,3.8768,0.51,single_upstream
52402200113,OC,720.6632,723.7928,3.1297,0.43,single_upstream
56350000363,OC,2123.6904,2128.7839,5.0936,0.24,single_upstream
53600301095,OC,700.3592,701.7291,1.3699,0.2,single_upstream
53159900635,OC,93.6449,93.7898,0.1448,0.15,single_upstream
56299200045,OC,5026.8478,5028.6035,1.7557,0.03,single_upstream
56862000031,OC,69383.2029,69384.2266,1.0236,0.0,single_upstream
53159303035,OC,65.2112,65.346,0.1348,0.21,single_upstream
53159301513,OC,203.9054,205.2903,1.3849,0.68,single_upstream
56391400141,OC,2346.6889,2348.9009,2.2119,0.09,single_upstream
52406000181,OC,36.3328,36.5593,0.2266,0.62,single_upstream
51180200731,OC,3381.3552,3382.2585,0.9033,0.03,single_upstream
56293000161,OC,590.8503,591.9705,1.1201,0.19,single_upstream
57109100175,OC,120.8756,121.3079,0.4323,0.36,single_upstream
52150800193,OC,39.0691,39.5343,0.4652,1.19,single_upstream
53130300555,OC,124.9892,125.3372,0.348,0.28,single_upstream
51150200055,OC,3205.0963,3208.1016,3.0053,0.09,single_upstream
56257900101,OC,45.9535,649.8903,603.9368,1314.23,single_upstream
56299500295,OC,6934.3216,6934.397,0.0754,0.0,single_upstream
56299500315,OC,148.8785,148.9193,0.0408,0.03,single_upstream
52175700165,OC,14.757,14.7987,0.0417,0.28,single_upstream
53140400843,OC,318.1349,319.3302,1.1954,0.38,single_upstream
53110600351,OC,930.4973,930.9132,0.416,0.04,single_upstream
52405000451,OC,212.1375,212.571,0.4336,0.2,single_upstream
52150900685,OC,860.8151,861.8917,1.0767,0.13,single_upstream
57109100235,OC,30.3223,30.5892,0.2669,0.88,single_upstream
53159701515,OC,1478.6323,1479.5935,0.9612,0.07,single_upstream
56322000121,OC,74113.2688,74139.5469,26.278,0.04,single_upstream
52179900155,OC,53.2604,177.9174,124.657,234.05,single_upstream
53190700425,OC,798.9522,799.4003,0.4481,0.06,single_upstream
56310000521,OC,751.0383,751.8984,0.8602,0.11,single_upstream
56370600101,OC,2951.0909,2952.3782,1.2872,0.04,single_upstream
52175700345,OC,24.0048,24.0214,0.0165,0.07,single_upstream
56865000161,OC,3042.2138,7680.7367,4638.5228,152.47,single_upstream
52406001141,OC,251.2532,252.0367,0.7834,0.31,single_upstream
52409300311,OC,191.2563,191.7936,0.5373,0.28,single_upstream
56873000371,OC,1700.2807,7896.1613,6195.8806,364.4,single_upstream
52409900611,OC,372.2732,373.1248,0.8516,0.23,single_upstream
56259100361,OC,482.8783,483.5982,0.72,0.15,single_upstream
51170000285,OC,58.8462,58.8929,0.0467,0.08,single_upstream
56900100733,OC,146.7449,756.6525,609.9076,415.62,single_upstream
56310000715,OC,550.3012,551.8278,1.5266,0.28,single_upstream
56251000235,OC,236.713,237.106,0.393,0.17,single_upstream
52190400175,OC,4210.2717,4212.6523,2.3806,0.06,single_upstream
51150100235,OC,1571.0975,1656.6021,85.5045,5.44,single_upstream
52160600141,OC,1603.9549,1745.2178,141.2629,8.81,single_upstream
53130100815,OC,19.3108,58.971,39.6602,205.38,single_upstream
53130100915,OC,35.6425,58.971,23.3285,65.45,single_upstream
51501600461,OC,887.0082,920.3624,33.3541,3.76,single_upstream
51111300291,OC,660.4605,711.8046,51.3441,7.77,single_upstream
56827000061,OC,92627.0337,93115.7891,488.7553,0.53,single_upstream
53159303005,OC,551.352,756.8221,205.4701,37.27,single_upstream
52402200103,OC,455.1639,723.7928,268.629,59.02,single_upstream
56220300221,OC,1943.5829,3662.5297,1718.9469,88.44,conservation_floor
53600301086,OC,645.7588,701.7291,55.9703,8.67,single_upstream
53180600451,OC,904.2959,993.2624,88.9665,9.84,single_upstream
53159900625,OC,84.694,93.7898,9.0958,10.74,single_upstream
56299200035,OC,4942.868,5028.6035,85.7355,1.73,single_upstream
52402400371,OC,1614.1488,1621.1607,7.0119,0.43,single_upstream
53159302235,OC,2295.5083,4553.5093,2258.001,98.37,conservation_floor
52140100291,OC,2016.2306,4015.793,1999.5624,99.17,conservation_floor
56324100063,OC,775.1416,1335.0495,559.9079,72.23,single_upstream
53159301501,OC,127.1813,205.2903,78.1091,61.42,single_upstream
56391100035,OC,484.7896,861.7987,377.0091,77.77,conservation_floor
52175300175,OC,23.1159,69.1633,46.0474,199.2,single_upstream
56391400133,OC,2232.0365,2348.9009,116.8643,5.24,single_upstream
56299800161,OC,1921.1826,2422.2749,501.0923,26.08,single_upstream
56293000156,OC,532.4178,591.9705,59.5527,11.19,single_upstream
57109100165,OC,22.3953,167.7555,145.3602,649.06,conservation_floor
52190100115,OC,141.952,382.8125,240.8605,169.68,single_upstream
52140800073,OC,52.1055,80.8691,28.7636,55.2,single_upstream
51150200045,OC,3065.3504,3208.1016,142.7512,4.66,single_upstream
56257900093,OC,50.1406,649.8903,599.7496,1196.14,single_upstream
51130000075,OC,147.7408,199.0986,51.3578,34.76,conservation_floor
56299500285,OC,11.2007,7083.3163,7072.1156,63140.0,conservation_floor
53140400831,OC,264.344,319.3302,54.9862,20.8,single_upstream
52405000441,OC,187.3528,212.571,25.2182,13.46,single_upstream
52150900675,OC,815.7489,861.8917,46.1428,5.66,single_upstream
53159701505,OC,1421.5355,1479.5935,58.058,4.08,single_upstream
56322000111,OC,72457.7517,74139.5469,1681.7952,2.32,single_upstream
53190700415,OC,775.575,799.4003,23.8254,3.07,single_upstream
56310000511,OC,719.0885,751.8984,32.81,4.56,single_upstream
52173900115,OC,673.2818,2328.3344,1655.0526,245.82,single_upstream
56370600091,OC,2892.2454,2952.3782,60.1328,2.08,single_upstream
53140400883,OC,67.7753,90.5253,22.7499,33.57,conservation_floor
52175700335,OC,23.1153,24.0214,0.9061,3.92,single_upstream
56865000151,OC,124.971,7680.7367,7555.7657,6046.01,single_upstream
52406001136,OC,225.1385,252.0367,26.8981,11.95,single_upstream
52150900915,OC,30.8819,488.6698,457.7879,1482.38,single_upstream
52150900495,OC,11.9454,488.6698,476.7244,3990.87,single_upstream
53159301965,OC,29.3717,102.2895,72.9178,248.26,single_upstream
53159301975,OC,19.1151,102.2895,83.1744,435.12,single_upstream
52409900601,OC,329.6932,373.1248,43.4317,13.17,single_upstream
56259100356,OC,435.3593,483.5982,48.239,11.08,single_upstream
56310000705,OC,481.8593,551.8278,69.9684,14.52,single_upstream
52190400165,OC,3979.349,4212.6523,233.3033,5.86,single_upstream
51150100225,OC,1483.5502,1656.6021,173.0518,11.66,single_upstream
56239000075,OC,320.6644,1426.1313,1105.4668,344.74,single_upstream
53130100906,OC,35.6425,58.971,23.3285,65.45,single_upstream
51111300286,OC,608.2985,711.8046,103.5061,17.02,single_upstream
53159302995,OC,28.5102,822.1681,793.6579,2783.77,conservation_floor
56900100723,OC,152.0657,783.1289,631.0632,414.99,conservation_floor
56220300211,OC,2032.2016,3691.0302,1658.8286,81.63,conservation_floor
53130300575,OC,24.9403,123.3164,98.3761,394.45,conservation_floor
52139800085,OC,213.0226,702.5532,489.5306,229.8,single_upstream
53180600441,OC,814.1664,993.2624,179.0959,22.0,single_upstream
53159900736,OC,77.0756,93.7898,16.7142,21.69,single_upstream
56299200025,OC,4856.84,5028.6035,171.7636,3.54,single_upstream
56276200011,OC,4393.0968,27286.0,22892.9032,521.11,single_upstream
56391100025,OC,423.5545,861.7987,438.2442,103.47,single_upstream
52175300166,OC,16.9961,69.1633,52.1672,306.94,single_upstream
56391400126,OC,2145.7708,2348.9009,203.1301,9.47,single_upstream
52150400151,OC,1000.9029,1589.8361,588.9332,58.84,conservation_floor
56299800151,OC,2110.8905,2422.2749,311.3844,14.75,single_upstream
52402500465,OC,258.1913,291.8472,33.6559,13.04,conservation_floor
56350000323,OC,2230.3407,3597.1019,1366.7612,61.28,conservation_floor
57109100155,OC,22.3953,180.3471,157.9518,705.29,conservation_floor
52190100105,OC,137.2597,191.4062,54.1466,39.45,single_upstream
52140800061,OC,52.1055,80.8691,28.7636,55.2,single_upstream
51150200035,OC,2918.5922,3208.1016,289.5094,9.92,single_upstream
56257900055,OC,72.152,321.8973,249.7453,346.14,single_upstream
53140400823,OC,221.0723,319.3302,98.258,44.45,single_upstream
53110600311,OC,1240.0,1814.1998,574.1998,46.31,conservation_floor
52190500165,OC,46.3905,58.3482,11.9577,25.78,single_upstream
52405000434,OC,162.7849,212.571,49.7861,30.58,single_upstream
52150900665,OC,769.6062,861.8917,92.2856,11.99,single_upstream
53159701495,OC,1306.5731,1479.5935,173.0204,13.24,single_upstream
56322000101,OC,70739.1673,74139.5469,3400.3796,4.81,single_upstream
53190700446,OC,766.0896,799.4003,33.3107,4.35,single_upstream
56310000501,OC,686.77,751.8984,65.1284,9.48,single_upstream
53150000425,OC,684.5417,797.3572,112.8155,16.48,conservation_floor
52175700326,OC,22.1959,24.0214,1.8254,8.22,single_upstream
53160200581,OC,1672.8569,1727.3117,54.4548,3.26,conservation_floor
56865000141,OC,124.971,7680.7367,7555.7657,6046.01,single_upstream
56259100075,OC,150.7198,449.9236,299.2038,198.52,conservation_floor
52150900365,OC,50.0024,502.1272,452.1249,904.21,conservation_floor
53159701595,OC,151.3647,224.003,72.6383,47.99,conservation_floor
51111600055,OC,1372.295,1496.3673,124.0723,9.04,conservation_floor
53159301955,OC,2346.7034,4655.7988,2309.0954,98.4,conservation_floor
52409900596,OC,302.0161,373.1248,71.1087,23.54,single_upstream
53130500285,OC,18.9749,2648.7724,2629.7975,13859.34,conservation_floor
56239000455,OC,77.4429,251.3198,173.877,224.52,single_upstream
52190400156,OC,3750.4102,4212.6523,462.2422,12.33,single_upstream
53159302825,OC,336.7472,425.0695,88.3223,26.23,single_upstream
51150100215,OC,1397.4621,1656.6021,259.14,18.54,single_upstream
52402800711,OC,274.3154,341.0391,66.7237,24.32,single_upstream
53159302985,OC,41.4731,822.1681,780.695,1882.41,single_upstream
56900100713,OC,399.224,1061.6596,662.4356,165.93,conservation_floor
56220300201,OC,2032.5126,3691.0302,1658.5176,81.6,single_upstream
52406000041,OC,25.1418,88.9101,63.7683,253.63,conservation_floor
53130300545,OC,59.7179,248.6537,188.9358,316.38,conservation_floor
52139800095,OC,90.371,702.5532,612.1822,677.41,single_upstream
53180600431,OC,725.2,993.2624,268.0624,36.96,single_upstream
56299200016,OC,4771.9823,5028.6035,256.6212,5.38,single_upstream
56276100031,OC,2288.6874,27286.0,24997.3126,1092.21,single_upstream
52139900275,OC,189.4755,219.2488,29.7733,15.71,single_upstream
56272000025,OC,28.2528,6966.1732,6937.9204,24556.57,single_upstream
56391100016,OC,400.0352,861.7987,461.7635,115.43,single_upstream
56299800141,OC,2301.3423,2422.2749,120.9326,5.25,single_upstream
52173300175,OC,614.3277,640.9771,26.6494,4.34,conservation_floor
51180200681,OC,744.6222,6421.1876,5676.5654,762.34,conservation_floor
56350000314,OC,2261.804,3597.1019,1335.298,59.04,single_upstream
57109100115,OC,15.8531,214.6431,198.79,1253.95,conservation_floor
53159900495,OC,112.6613,427.6942,315.033,279.63,conservation_floor
51150200025,OC,2770.3313,3208.1016,437.7703,15.8,single_upstream
56257900045,OC,72.152,321.8973,249.7453,346.14,single_upstream
56464800033,OC,6851.0176,9036.0221,2185.0046,31.89,conservation_floor
53110600301,OC,1240.0,1814.1998,574.1998,46.31,single_upstream
52190500156,OC,13.2476,58.3482,45.1006,340.44,single_upstream
52405000421,OC,161.9901,212.571,50.581,31.22,single_upstream
52150900655,OC,723.4634,861.8917,138.4283,19.13,single_upstream
53159701486,OC,1233.52,1479.5935,246.0735,19.95,single_upstream
56322000091,OC,69025.8385,74139.5469,5113.7084,7.41,single_upstream
56310000491,OC,654.4516,751.8984,97.4468,14.89,single_upstream
53159701225,OC,52.6118,70.6461,18.0343,34.28,single_upstream
56391900035,OC,63.2694,1253.5598,1190.2904,1881.3,conservation_floor
56257800015,OC,6089.2779,6935.7993,846.5214,13.9,conservation_floor
53140400863,OC,221.2519,246.7816,25.5297,11.54,conservation_floor
53150000415,OC,42.2181,797.3572,755.1391,1788.66,single_upstream
56865000134,OC,124.971,7680.7367,7555.7657,6046.01,single_upstream
56259100385,OC,150.7198,224.9618,74.242,49.26,single_upstream
56259100065,OC,117.9908,224.9618,106.971,90.66,single_upstream
52150900355,OC,109.0069,251.0636,142.0567,130.32,single_upstream
52150900885,OC,72.0996,251.0636,178.9641,248.22,single_upstream
53159701586,OC,111.1672,224.003,112.8358,101.5,single_upstream
51111600045,OC,1440.4299,1496.3673,55.9374,3.88,single_upstream
53159301946,OC,2346.7034,4655.7988,2309.0954,98.4,single_upstream
53130500275,OC,16.1173,2648.7724,2632.6551,16334.33,single_upstream
56239000445,OC,62.4713,251.3198,188.8486,302.3,single_upstream
52150900465,OC,995.076,1681.9527,686.8767,69.03,conservation_floor
51140000381,OC,1713.206,2773.4167,1060.2107,61.88,conservation_floor
51150100206,OC,1313.1248,1656.6021,343.4772,26.16,single_upstream
52402800701,OC,331.2039,341.0391,9.8353,2.97,single_upstream
53159302975,OC,51.5126,1079.8954,1028.3827,1996.37,conservation_floor
56900100704,OC,408.2577,1061.6596,653.4019,160.05,single_upstream
56220300191,OC,2524.0,3691.0302,1167.0302,46.24,single_upstream
52406000031,OC,34.9333,88.9101,53.9768,154.51,single_upstream
53130300515,OC,59.7179,287.1605,227.4426,380.86,conservation_floor
53180600421,OC,637.1057,993.2624,356.1567,55.9,single_upstream
56276100021,OC,5479.3224,27286.0,21806.6776,397.98,single_upstream
56239000255,OC,678.8464,3561.3275,2882.4811,424.61,conservation_floor
52139900265,OC,194.7607,252.0875,57.3269,29.43,conservation_floor
56272000115,OC,61.4401,3483.0866,3421.6465,5569.08,single_upstream
56272000015,OC,34.6956,3483.0866,3448.391,9938.98,single_upstream
56370600031,OC,3749.5,5611.0802,1861.5802,49.65,conservation_floor
56299500483,OC,1416.6008,3589.2653,2172.6645,153.37,conservation_floor
51111300391,OC,0.0,35.0409,35.0409,inf,single_upstream
57109300045,OC,27.0341,177.6421,150.6081,557.1,conservation_floor
51114000351,OC,2008.8802,2067.7224,58.8423,2.93,conservation_floor
51180200671,OC,1382.5252,6421.1876,5038.6624,364.45,single_upstream
56350000304,OC,2282.1899,3597.1019,1314.9121,57.62,single_upstream
53130100225,OC,292.0281,311.4475,19.4194,6.65,conservation_floor
53159700141,OC,391.2764,1774.2151,1382.9388,353.44,single_upstream
53159900485,OC,112.6613,427.6942,315.033,279.63,single_upstream
51115900181,OC,122.992,163.9403,40.9484,33.29,single_upstream
51150200015,OC,2619.0652,3208.1016,589.0364,22.49,single_upstream
56257900035,OC,34.8594,971.7876,936.9282,2687.73,conservation_floor
56464800021,OC,6851.0176,9036.0221,2185.0046,31.89,single_upstream
53110600291,OC,1244.0,1814.1998,570.1998,45.84,single_upstream
52405000416,OC,144.2144,212.571,68.3566,47.4,single_upstream
52150900645,OC,677.4744,861.8917,184.4173,27.22,single_upstream
52173300166,OC,569.9885,844.9014,274.9129,48.23,conservation_floor
56322000084,OC,66292.9214,74139.5469,7846.6255,11.84,single_upstream
53130100735,OC,97.5968,279.613,182.0162,186.5,conservation_floor
53130100605,OC,86.4055,287.025,200.6195,232.18,conservation_floor
56310000481,OC,591.5351,751.8984,160.3633,27.11,single_upstream
53159701216,OC,16.8495,70.6461,53.7966,319.28,single_upstream
56391700145,OC,711.8721,1277.1117,565.2396,79.4,conservation_floor
53150000406,OC,42.2181,797.3572,755.1391,1788.66,single_upstream
56865000124,OC,124.971,7680.7367,7555.7657,6046.01,single_upstream
56259100265,OC,150.7198,594.1005,443.3807,294.18,conservation_floor
56259100055,OC,117.9908,224.9618,106.971,90.66,single_upstream
51150600015,OC,71.6179,691.1384,619.5205,865.04,single_upstream
52150900345,OC,109.0069,125.5318,16.5249,15.16,single_upstream
53151000785,OC,124.1946,163.1344,38.9399,31.35,single_upstream
53151000455,OC,528.9395,1216.0231,687.0837,129.9,conservation_floor
51111600035,OC,1474.9209,1496.3673,21.4464,1.45,single_upstream
53130500365,OC,13.3443,1324.3862,1311.0419,9824.77,single_upstream
53130500265,OC,22.4352,1324.3862,1301.951,5803.17,single_upstream
56239000435,OC,47.4058,251.3198,203.9141,430.15,single_upstream
52150900455,OC,18.9318,840.9764,822.0445,4342.13,single_upstream
51140000373,OC,1716.618,2773.4167,1056.7987,61.56,single_upstream
53159303085,OC,28.6244,1131.408,1102.7836,3852.6,conservation_floor
56275100051,OC,35.1618,505.1268,469.965,1336.58,single_upstream
56900100691,OC,479.1379,1061.6596,582.5218,121.58,single_upstream
56220300181,OC,2589.0,3691.0302,1102.0302,42.57,single_upstream
53130300506,OC,59.7179,287.1605,227.4426,380.86,single_upstream
51501500191,OC,1498.198,1787.096,288.898,19.28,conservation_floor
53180600411,OC,546.9762,993.2624,446.2861,81.59,single_upstream
53170600061,OC,100.7692,4451.1599,4350.3907,4317.18,conservation_floor
52402400271,OC,899.1746,1332.6312,433.4566,48.21,conservation_floor
56276100015,OC,231.5441,13643.0,13411.4559,5792.18,single_upstream
56276100115,OC,231.5441,13643.0,13411.4559,5792.18,single_upstream
56239000245,OC,88.4084,4032.1033,3943.6948,4460.77,conservation_floor
56273000036,OC,61.4401,3483.0866,3421.6465,5569.08,single_upstream
56271000025,OC,61.2018,3517.6254,3456.4236,5647.59,conservation_floor
56370600021,OC,3798.5,5611.0802,1812.5802,47.72,single_upstream
56299500476,OC,1420.3496,3589.2653,2168.9157,152.7,single_upstream
52177000535,OC,63.8026,235.029,171.2265,268.37,single_upstream
51180200661,OC,2016.2038,6421.1876,4404.9838,218.48,single_upstream
56350000291,OC,2293.9374,3597.1019,1303.1646,56.81,single_upstream
53130100215,OC,85.7942,331.612,245.8179,286.52,conservation_floor
53159700131,OC,474.019,1774.2151,1300.1962,274.29,single_upstream
53159304221,OC,114.984,193.924,78.94,68.65,single_upstream
53130100425,OC,44.6821,285.9406,241.2586,539.94,conservation_floor
53159900776,OC,112.6613,427.6942,315.033,279.63,single_upstream
51115900174,OC,124.5965,163.9403,39.3438,31.58,single_upstream
51150100085,OC,442.8009,3208.1016,2765.3006,624.5,single_upstream
56257900026,OC,34.8594,971.7876,936.9282,2687.73,single_upstream
56464800013,OC,6851.0176,9036.0221,2185.0046,31.89,single_upstream
53110600281,OC,1251.5883,1814.1998,562.6115,44.95,single_upstream
52150900636,OC,645.0207,861.8917,216.871,33.62,single_upstream
52501800491,OC,445.0225,563.0527,118.0302,26.52,conservation_floor
56322000071,OC,66219.3428,74139.5469,7920.204,11.96,single_upstream
53130100595,OC,31.1345,316.3026,285.1681,915.92,conservation_floor
53159701126,OC,97.6184,100.7294,3.1109,3.19,single_upstream
56391700136,OC,711.8721,1277.1117,565.2396,79.4,single_upstream
56251000095,OC,245.5153,4696.6599,4451.1445,1812.98,conservation_floor
56865000114,OC,124.971,7680.7367,7555.7657,6046.01,single_upstream
56259100256,OC,150.7198,594.1005,443.3807,294.18,single_upstream
56259100045,OC,117.9908,224.9618,106.971,90.66,single_upstream
51150500065,OC,71.6179,691.1384,619.5205,865.04,single_upstream
52150900335,OC,55.7127,125.5318,69.8191,125.32,single_upstream
53190800105,OC,541.7278,8965.5778,8423.85,1555.0,conservation_floor
53151000445,OC,214.0348,1379.1576,1165.1227,544.36,conservation_floor
53130500356,OC,13.2513,1324.3862,1311.1349,9894.42,single_upstream
53130500256,OC,22.4352,1324.3862,1301.951,5803.17,single_upstream
56239000426,OC,38.0192,251.3198,213.3007,561.03,single_upstream
52150900895,OC,38.9409,420.4882,381.5473,979.81,single_upstream
52150900445,OC,17.9709,420.4882,402.5173,2239.83,single_upstream
51140000361,OC,1727.729,2773.4167,1045.6877,60.52,single_upstream
53159302965,OC,23.2502,1131.408,1108.1578,4766.23,single_upstream
56275100045,OC,382.477,505.1268,122.6498,32.07,single_upstream
56900100681,OC,502.7646,1061.6596,558.8951,111.16,single_upstream
56220300171,OC,2659.0,3691.0302,1032.0302,38.81,single_upstream
53159303215,OC,127.7808,580.8904,453.1095,354.6,single_upstream
56299500165,OC,6938.1074,13076.4103,6138.3029,88.47,conservation_floor
53159700275,OC,106.0107,2631.1016,2525.0909,2381.92,single_upstream
52139900605,OC,275.3102,351.2766,75.9664,27.59,single_upstream
52501500025,OC,72.1044,2007.0346,1934.9302,2683.51,single_upstream
53180600401,OC,458.0098,993.2624,535.2526,116.86,single_upstream
53170600054,OC,103.0405,4451.1599,4348.1195,4219.82,single_upstream
52402400261,OC,804.3156,1332.6312,528.3157,65.69,single_upstream
56275900085,OC,231.5441,13643.0,13411.4559,5792.18,single_upstream
56276100105,OC,231.5441,13643.0,13411.4559,5792.18,single_upstream
56239000235,OC,57.3301,4106.1447,4048.8146,7062.28,conservation_floor
56271000016,OC,61.6052,3517.6254,3456.0201,5609.94,single_upstream
56370600016,OC,3798.5,5611.0802,1812.5802,47.72,single_upstream
52177000515,OC,93.1929,235.029,141.8361,152.2,single_upstream
51180200651,OC,2641.4333,6421.1876,3779.7543,143.09,single_upstream
56350000284,OC,2294.9555,3597.1019,1302.1465,56.74,single_upstream
53130100205,OC,85.7942,378.1871,292.3929,340.81,conservation_floor
53159700121,OC,517.9061,1774.2151,1256.3091,242.57,single_upstream
53159304181,OC,114.984,193.924,78.94,68.65,single_upstream
53130100416,OC,44.6821,285.9406,241.2586,539.94,single_upstream
51115900161,OC,161.5014,163.9403,2.4389,1.51,single_upstream
51115900281,OC,47.051,81.9702,34.9191,74.22,single_upstream
51150300075,OC,442.8009,1604.0508,1161.2498,262.25,single_upstream
51150300125,OC,18.5898,1604.0508,1585.461,8528.67,single_upstream
53110600271,OC,1387.3837,1814.1998,426.8162,30.76,single_upstream
51501800304,OC,2007.3151,3339.3911,1332.0761,66.36,conservation_floor
56322000061,OC,62924.0755,74139.5469,11215.4714,17.82,single_upstream
53130100586,OC,31.1345,316.3026,285.1681,915.92,single_upstream
52179700045,OC,190.017,1642.7682,1452.7512,764.54,single_upstream
52179700065,OC,402.262,1642.7682,1240.5062,308.38,single_upstream
56251000085,OC,245.5153,4876.9975,4631.4822,1886.43,conservation_floor
56865000101,OC,124.971,7680.7367,7555.7657,6046.01,single_upstream
56259100035,OC,117.9908,224.9618,106.971,90.66,single_upstream
53110500081,OC,2593.0394,4774.3613,2181.3219,84.12,conservation_floor
51150500055,OC,71.6179,691.1384,619.5205,865.04,single_upstream
52150900325,OC,55.7127,125.5318,69.8191,125.32,single_upstream
53190800095,OC,564.5075,8965.5778,8401.0703,1488.21,single_upstream
53151000435,OC,137.4144,1379.1576,1241.7432,903.65,single_upstream
52150500265,OC,60.8628,689.4062,628.5434,1032.72,single_upstream
52150500425,OC,12.0393,689.4062,677.3669,5626.29,single_upstream
52150900875,OC,167.909,671.5518,503.6428,299.95,conservation_floor
52150900435,OC,230.55,420.4882,189.9381,82.38,single_upstream
52150900236,OC,178.9943,192.1689,13.1745,7.36,single_upstream
51140000351,OC,1762.9659,4540.4392,2777.4733,157.55,conservation_floor
53159302955,OC,33.6339,1131.408,1097.7741,3263.89,single_upstream
56900100673,OC,527.7811,1061.6596,533.8786,101.16,single_upstream
56220300161,OC,2697.5,3691.0302,993.5302,36.83,single_upstream
53159303205,OC,173.497,639.9111,466.4141,268.83,conservation_floor
56299500155,OC,7387.7461,13246.8741,5859.128,79.31,conservation_floor
52139900615,OC,275.3102,351.2766,75.9664,27.59,single_upstream
52501500016,OC,72.6595,2007.0346,1934.3751,2662.24,single_upstream
53170600041,OC,197.2976,4451.1599,4253.8623,2156.06,single_upstream
52402400251,OC,948.0462,1332.6312,384.5851,40.57,single_upstream
56275900075,OC,231.5441,13643.0,13411.4559,5792.18,single_upstream
56276100095,OC,231.5441,13643.0,13411.4559,5792.18,single_upstream
56239000225,OC,60.2888,4106.1447,4045.8558,6710.79,single_upstream
53130100115,OC,85.7942,732.8115,647.0173,754.15,conservation_floor
51180100041,OC,3300.459,6421.1876,3120.7286,94.55,single_upstream
56350000271,OC,2309.9922,3597.1019,1287.1097,55.72,single_upstream
53159700111,OC,562.0727,1774.2151,1212.1424,215.66,single_upstream
53159301125,OC,16.3639,577.4665,561.1027,3428.91,single_upstream
51115900274,OC,50.0317,81.9702,31.9385,63.84,single_upstream
51150300116,OC,18.788,1604.0508,1585.2627,8437.61,single_upstream
53159300161,OC,142.997,660.9504,517.9534,362.21,single_upstream
51501800291,OC,2795.603,3339.3911,543.7882,19.45,single_upstream
56322000051,OC,60742.9974,74139.5469,13396.5495,22.05,single_upstream
52179700035,OC,190.017,1642.7682,1452.7512,764.54,single_upstream
52179700056,OC,188.217,1642.7682,1454.5513,772.81,single_upstream
56275100035,OC,382.477,6682.6482,6300.1712,1647.2,single_upstream
56251000075,OC,249.0899,5039.4313,4790.3414,1923.14,conservation_floor
56865000091,OC,124.971,7680.7367,7555.7657,6046.01,single_upstream
56259100025,OC,117.9908,224.9618,106.971,90.66,single_upstream
53110500071,OC,2650.9294,4774.3613,2123.4319,80.1,single_upstream
51150500046,OC,71.6179,691.1384,619.5205,865.04,single_upstream
52150900316,OC,55.7127,125.5318,69.8191,125.32,single_upstream
53190800085,OC,587.9594,8965.5778,8377.6184,1424.86,single_upstream
53151000426,OC,58.6254,1379.1576,1320.5321,2252.49,single_upstream
52150500255,OC,85.5727,344.7031,259.1304,302.82,single_upstream
52150500455,OC,30.1195,344.7031,314.5836,1044.45,single_upstream
52150500415,OC,27.9525,344.7031,316.7506,1133.18,single_upstream
52150500475,OC,18.5076,344.7031,326.1955,1762.5,single_upstream
52150900835,OC,230.55,797.0836,566.5336,245.73,conservation_floor
53159302305,OC,273.8577,451.9403,178.0826,65.03,single_upstream
51140000343,OC,2762.1147,4540.4392,1778.3244,64.38,single_upstream
53159302945,OC,42.7409,1131.408,1088.6671,2547.13,single_upstream
56900100603,OC,1398.3886,1682.219,283.8304,20.3,conservation_floor
53130300265,OC,44.7554,188.879,144.1236,322.02,single_upstream
56220300151,OC,2717.0,3691.0302,974.0302,35.85,single_upstream
53159303196,OC,173.497,639.9111,466.4141,268.83,single_upstream
56299500145,OC,7237.5538,13246.8741,6009.3203,83.03,single_upstream
53159701115,OC,71.4401,1325.8463,1254.4062,1755.89,single_upstream
53159700255,OC,71.4401,2698.3363,2626.8962,3677.06,conservation_floor
52139900625,OC,275.3102,351.2766,75.9664,27.59,single_upstream
53180600381,OC,2302.7454,2507.2734,204.528,8.88,conservation_floor
57109100055,OC,15.868,1703.4553,1687.5873,10635.14,single_upstream
53170600031,OC,303.1004,4451.1599,4148.0595,1368.54,single_upstream
52402400241,OC,1107.3761,1332.6312,225.2552,20.34,single_upstream
56275900065,OC,231.5441,13643.0,13411.4559,5792.18,single_upstream
56276100085,OC,231.5441,13643.0,13411.4559,5792.18,single_upstream
56239000216,OC,60.2888,4106.1447,4045.8558,6710.79,single_upstream
51115700125,OC,15.1721,172.1909,157.0188,1034.92,single_upstream
53130100105,OC,58.5552,762.0891,703.5339,1201.49,conservation_floor
52139900505,OC,57.5989,1284.2874,1226.6885,2129.71,conservation_floor
56350000265,OC,40.2233,3597.1019,3556.8787,8842.84,single_upstream
53159700101,OC,606.9382,1774.2151,1167.2769,192.32,single_upstream
53159301115,OC,15.7846,577.4665,561.6819,3558.41,single_upstream
51501800281,OC,2943.0956,3339.3911,396.2955,13.47,single_upstream
56322000041,OC,58173.0042,74139.5469,15966.5427,27.45,single_upstream
52179700025,OC,190.017,1642.7682,1452.7512,764.54,single_upstream
56275100025,OC,441.0807,7187.775,6746.6944,1529.58,conservation_floor
53153000811,OC,462.8325,763.1435,300.3111,64.89,single_upstream
56251000065,OC,117.7714,5276.5373,5158.7659,4380.32,conservation_floor
56865000081,OC,233.4361,7680.7367,7447.3006,3190.3,single_upstream
53159301075,OC,159.7802,169.2184,9.4382,5.91,single_upstream
53159301065,OC,20.0581,169.2184,149.1603,743.64,single_upstream
56259100016,OC,117.9908,224.9618,106.971,90.66,single_upstream
53110500064,OC,2653.296,4774.3613,2121.0653,79.94,single_upstream
53190800075,OC,611.7101,8965.5778,8353.8677,1365.66,single_upstream
52150500246,OC,85.5727,344.7031,259.1304,302.82,single_upstream
52150500406,OC,28.1411,344.7031,316.562,1124.91,single_upstream
52150500445,OC,20.2287,689.4062,669.1774,3308.05,conservation_floor
52150900425,OC,239.4752,1217.5718,978.0966,408.43,conservation_floor
53159302295,OC,311.2824,451.9403,140.6579,45.19,single_upstream
51140000273,OC,2780.7402,4671.6051,1890.8649,68.0,conservation_floor
53159302935,OC,44.4584,1820.4236,1775.9652,3994.67,conservation_floor
52402200021,OC,1944.2914,2832.1899,887.8986,45.67,conservation_floor
56900100594,OC,1401.7526,1682.219,280.4663,20.01,single_upstream
53130300256,OC,44.7554,188.879,144.1236,322.02,single_upstream
56220300141,OC,2783.0,3691.0302,908.0302,32.63,single_upstream
56299500135,OC,7090.8645,13246.8741,6156.0096,86.82,single_upstream
53159701005,OC,76.629,662.9232,586.2942,765.11,single_upstream
53159701105,OC,71.4401,1325.8463,1254.4062,1755.89,single_upstream
52139900575,OC,275.3102,351.2766,75.9664,27.59,single_upstream
53180600371,OC,2408.9874,2507.2734,98.2859,4.08,single_upstream
57109100045,OC,17.8973,1703.4553,1685.558,9417.94,single_upstream
53170600023,OC,345.3079,4451.1599,4105.852,1189.04,single_upstream
56275900055,OC,231.5441,13643.0,13411.4559,5792.18,single_upstream
56276100075,OC,231.5441,13643.0,13411.4559,5792.18,single_upstream
51115700116,OC,15.2733,172.1909,156.9176,1027.4,single_upstream
53130100095,OC,62.3436,1140.2762,1077.9325,1729.02,conservation_floor
52139900495,OC,80.4169,1284.2874,1203.8705,1497.04,single_upstream
56370100045,OC,914.5939,982.3344,67.7406,7.41,conservation_floor
56350000255,OC,51.7471,3597.1019,3545.3548,6851.31,single_upstream
53159700091,OC,650.5458,1774.2151,1123.6693,172.73,single_upstream
52501700155,OC,38.6222,318.9443,280.3221,725.81,single_upstream
51501800273,OC,2982.031,3339.3911,357.3601,11.98,single_upstream
56322000031,OC,56228.4285,74139.5469,17911.1184,31.85,single_upstream
56800100411,OC,1367.9989,8051.4334,6683.4345,488.56,single_upstream
56233100025,OC,160.6912,7158.9125,6998.2213,4355.07,conservation_floor
56233500055,OC,18.0668,1208.8007,1190.7339,6590.72,single_upstream
52179700016,OC,190.017,1642.7682,1452.7512,764.54,single_upstream
56275100016,OC,441.0807,7187.775,6746.6944,1529.58,single_upstream
53153000801,OC,462.8325,763.1435,300.3111,64.89,single_upstream
56251000056,OC,104.0975,5276.5373,5172.4398,4968.84,single_upstream
56865000071,OC,426.376,7680.7367,7254.3607,1701.4,single_upstream
53159301055,OC,21.1896,338.4368,317.2472,1497.19,conservation_floor
53110500051,OC,2687.5202,4774.3613,2086.8411,77.65,single_upstream
53190800065,OC,634.7886,8965.5778,8330.7892,1312.37,single_upstream
57202000093,OC,4477.1187,6189.7458,1712.6272,38.25,conservation_floor
52150500436,OC,20.2884,689.4062,669.1177,3298.03,single_upstream
53159302286,OC,311.2824,451.9403,140.6579,45.19,single_upstream
53159302345,OC,18.7233,554.2298,535.5066,2860.11,conservation_floor
51140000261,OC,2833.0027,4671.6051,1838.6024,64.9,single_upstream
53159302926,OC,37.4357,1820.4236,1782.9879,4762.8,single_upstream
52402200016,OC,1944.2914,2832.1899,887.8986,45.67,single_upstream
56299500126,OC,6941.1101,13246.8741,6305.764,90.85,single_upstream
53159700995,OC,72.2793,683.5142,611.2348,845.66,conservation_floor
53159701096,OC,71.4401,1325.8463,1254.4062,1755.89,single_upstream
57109100035,OC,19.7699,1703.4553,1683.6854,8516.4,single_upstream
53170600016,OC,345.3079,4451.1599,4105.852,1189.04,single_upstream
56275900045,OC,231.5441,13643.0,13411.4559,5792.18,single_upstream
56276100065,OC,231.5441,13643.0,13411.4559,5792.18,single_upstream
53130100086,OC,62.3436,1140.2762,1077.9325,1729.02,single_upstream
52139900485,OC,102.9113,1284.2874,1181.3762,1147.96,single_upstream
56255000055,OC,34.7281,10921.5615,10886.8334,31348.75,conservation_floor
56350000246,OC,51.9041,3597.1019,3545.1978,6830.28,single_upstream
53159700081,OC,707.8506,1774.2151,1066.3645,150.65,single_upstream
53159302576,OC,29.9211,75.2907,45.3696,151.63,single_upstream
53159302795,OC,214.1268,273.9959,59.8691,27.96,conservation_floor
53159200595,OC,196.3917,707.8615,511.4698,260.43,single_upstream
52501700146,OC,38.7182,318.9443,280.2261,723.76,single_upstream
51501800264,OC,2986.6505,3339.3911,352.7407,11.81,single_upstream
56322000021,OC,54373.1982,74139.5469,19766.3486,36.35,single_upstream
56800100401,OC,1367.9989,8051.4334,6683.4345,488.56,single_upstream
56233100016,OC,160.6912,7158.9125,6998.2213,4355.07,single_upstream
56233500045,OC,143.1243,1208.8007,1065.6764,744.58,single_upstream
56865000061,OC,617.2244,7680.7367,7063.5123,1144.4,single_upstream
53159301045,OC,59.8356,359.686,299.8503,501.12,conservation_floor
53110500043,OC,2731.939,4774.3613,2042.4223,74.76,single_upstream
53190800055,OC,657.7178,8965.5778,8307.86,1263.13,single_upstream
53159900705,OC,80.8756,578.5126,497.637,615.31,single_upstream
57202000083,OC,4478.5638,10666.8645,6188.3007,138.18,conservation_floor
53159302565,OC,20.9295,277.1149,256.1855,1224.04,single_upstream
53159302335,OC,20.9295,277.1149,256.1855,1224.04,single_upstream
51140000251,OC,2990.3462,4671.6051,1681.2589,56.22,single_upstream
53159700986,OC,38.9834,683.5142,644.5307,1653.34,single_upstream
56294100031,OC,7586.9805,38344.2863,30757.3057,405.4,single_upstream
57109300035,OC,18.1953,1918.0984,1899.9031,10441.7,conservation_floor
56277000175,OC,4332.6694,15135.1648,10802.4953,249.33,single_upstream
56275900035,OC,231.5441,13643.0,13411.4559,5792.18,single_upstream
56276100055,OC,231.5441,13643.0,13411.4559,5792.18,single_upstream
52139900475,OC,149.3564,1284.2874,1134.931,759.88,single_upstream
56255000046,OC,34.7281,10921.5615,10886.8334,31348.75,single_upstream
53159700073,OC,753.5547,1774.2151,1020.6604,135.45,single_upstream
53159301085,OC,65.0509,602.2876,537.2368,825.87,conservation_floor
53159302785,OC,336.7472,699.0654,362.3182,107.59,conservation_floor
53159304245,OC,196.3917,707.8615,511.4698,260.43,single_upstream
51501800251,OC,3061.5517,3339.3911,277.8395,9.08,single_upstream
56322000011,OC,52491.6899,74139.5469,21647.857,41.24,single_upstream
56800100391,OC,1367.9989,8051.4334,6683.4345,488.56,single_upstream
56233500035,OC,146.0675,1208.8007,1062.7332,727.56,single_upstream
53150000205,OC,99.066,190.7859,91.7199,92.58,single_upstream
53150000185,OC,99.066,190.7859,91.7199,92.58,single_upstream
53159301036,OC,59.8356,359.686,299.8503,501.12,single_upstream
53110500036,OC,2733.0312,4774.3613,2041.33,74.69,single_upstream
53190800045,OC,680.7216,8965.5778,8284.8562,1217.07,single_upstream
53159900715,OC,80.8756,578.5126,497.637,615.31,single_upstream
57202000071,OC,4574.9526,10666.8645,6091.9119,133.16,single_upstream
53159302556,OC,20.9295,277.1149,256.1855,1224.04,single_upstream
53159302325,OC,16.219,277.1149,260.8959,1608.58,single_upstream
51140000241,OC,3148.5236,4671.6051,1523.0815,48.37,single_upstream
52173900065,OC,568.1599,841.9968,273.8368,48.2,single_upstream
56294100025,OC,237.3914,78121.6768,77884.2854,32808.38,conservation_floor
57109300025,OC,27.0341,2095.7405,2068.7065,7652.22,conservation_floor
56277000045,OC,4346.9869,17926.6948,13579.7079,312.39,conservation_floor
56275900025,OC,231.5441,13643.0,13411.4559,5792.18,single_upstream
56276100046,OC,231.5441,13643.0,13411.4559,5792.18,single_upstream
52139900466,OC,149.9229,1284.2874,1134.3646,756.63,single_upstream
53159700063,OC,798.6998,1774.2151,975.5154,122.14,single_upstream
53159301775,OC,274.1003,771.506,497.4057,181.47,conservation_floor
53159302776,OC,312.9914,699.0654,386.0739,123.35,single_upstream
53159304255,OC,196.3917,707.8615,511.4698,260.43,single_upstream
53140400351,OC,1441.9006,2216.3427,774.4421,53.71,conservation_floor
53159300115,OC,266.8588,330.4752,63.6164,23.84,single_upstream
51501800244,OC,3066.1711,3339.3911,273.22,8.91,single_upstream
56800100381,OC,1367.9989,8051.4334,6683.4345,488.56,single_upstream
56233500025,OC,75.6698,1208.8007,1133.1308,1497.47,single_upstream
52501600101,OC,1529.9347,2169.8371,639.9025,41.83,single_upstream
53153000995,OC,29.3777,95.3929,66.0152,224.71,single_upstream
53153001015,OC,27.3171,95.3929,68.0759,249.21,single_upstream
53150000175,OC,18.1331,190.7859,172.6528,952.14,single_upstream
53190800035,OC,703.9494,8965.5778,8261.6283,1173.61,single_upstream
53159900725,OC,80.8756,578.5126,497.637,615.31,single_upstream
57202000061,OC,6443.789,11026.1979,4582.4089,71.11,conservation_floor
53159302316,OC,16.219,277.1149,260.8959,1608.58,single_upstream
51140000231,OC,3305.5891,4671.6051,1366.016,41.32,single_upstream
52173900055,OC,568.1599,841.9968,273.8368,48.2,single_upstream
56294100016,OC,237.6975,78121.6768,77883.9794,32766.01,single_upstream
57109300016,OC,18.3135,2095.7405,2077.4271,11343.72,single_upstream
56299400061,OC,109.2249,135.3907,26.1658,23.96,single_upstream
56277000036,OC,4347.3154,17926.6948,13579.3794,312.36,single_upstream
56275900016,OC,231.5441,13643.0,13411.4559,5792.18,single_upstream
53159700245,OC,164.999,887.1076,722.1086,437.64,single_upstream
53159700055,OC,155.2572,887.1076,731.8504,471.38,single_upstream
53159301766,OC,287.1775,1373.4357,1086.2582,378.25,conservation_floor
56464900013,OC,13787.8018,15233.5581,1445.7563,10.49,conservation_floor
53159304265,OC,196.3917,707.8615,511.4698,260.43,single_upstream
53140400343,OC,1441.9006,2216.3427,774.4421,53.71,single_upstream
53159300105,OC,15.6243,330.4752,314.8509,2015.14,single_upstream
51501800231,OC,3261.8381,3339.3911,77.5531,2.38,single_upstream
56800100371,OC,1367.9989,8051.4334,6683.4345,488.56,single_upstream
56233500016,OC,75.4399,1208.8007,1133.3607,1502.34,single_upstream
52501600091,OC,1431.7175,2169.8371,738.1196,51.55,single_upstream
53153000986,OC,11.5376,95.3929,83.8553,726.8,single_upstream
53153001006,OC,27.3171,95.3929,68.0759,249.21,single_upstream
53150000165,OC,14.3986,190.7859,176.3873,1225.03,single_upstream
53190800025,OC,727.9242,8965.5778,8237.6536,1131.66,single_upstream
53159900695,OC,80.8756,578.5126,497.637,615.31,single_upstream
57202000051,OC,6566.1567,11026.1979,4460.0412,67.92,single_upstream
51140000221,OC,3409.8361,4671.6051,1261.769,37.0,single_upstream
52173800185,OC,137.4741,688.4143,550.9402,400.76,single_upstream
52173900045,OC,588.2468,1148.2228,559.9761,95.19,conservation_floor
56299400051,OC,91.8298,135.3907,43.5609,47.44,single_upstream
53159700235,OC,241.2161,892.6511,651.435,270.06,conservation_floor
53159701795,OC,248.8384,443.5538,194.7154,78.25,single_upstream
53159700045,OC,42.4874,443.5538,401.0664,943.97,single_upstream
56464700183,OC,13789.9769,15233.5581,1443.5812,10.47,single_upstream
53159304275,OC,196.3917,707.8615,511.4698,260.43,single_upstream
53140400333,OC,2460.5017,3180.4778,719.9761,29.26,conservation_floor
53159300095,OC,21.9058,330.4752,308.5694,1408.62,single_upstream
56800100364,OC,1367.9989,8051.4334,6683.4345,488.56,single_upstream
52501600081,OC,249.0199,2169.8371,1920.8173,771.35,single_upstream
53150000156,OC,10.6391,190.7859,180.1467,1693.24,single_upstream
56862000011,OC,70766.5703,77064.9632,6298.3929,8.9,conservation_floor
53190800015,OC,751.2268,8965.5778,8214.351,1093.46,single_upstream
52160700461,OC,235.3617,441.9322,206.5705,87.77,single_upstream
57202000041,OC,6755.4803,11026.1979,4270.7177,63.22,single_upstream
57207000045,OC,12.1818,8404.2075,8392.0257,68889.66,single_upstream
51140000211,OC,3519.9209,4671.6051,1151.6842,32.72,single_upstream
53159100181,OC,34.1225,944.9862,910.8637,2669.39,single_upstream
52173700085,OC,187.1067,688.4143,501.3076,267.93,single_upstream
52173900031,OC,594.6504,1148.2228,553.5725,93.09,single_upstream
53159100545,OC,98.4208,1576.5699,1478.1491,1501.87,single_upstream
56299400041,OC,110.6826,135.3907,24.7081,22.32,single_upstream
56827000031,OC,92128.9688,141425.1913,49296.2225,53.51,conservation_floor
53159700225,OC,14.8087,1336.2048,1321.3961,8923.09,conservation_floor
53159700035,OC,26.6616,443.5538,416.8922,1563.64,single_upstream
56464700173,OC,13790.3203,15233.5581,1443.2378,10.47,single_upstream
53159304235,OC,196.3917,707.8615,511.4698,260.43,single_upstream
53140400323,OC,2932.9626,3242.5792,309.6166,10.56,conservation_floor
53159300085,OC,21.6261,165.2376,143.6115,664.07,single_upstream
53159304215,OC,21.9294,165.2376,143.3082,653.5,single_upstream
53130800141,OC,7720.2852,9588.6451,1868.36,24.2,conservation_floor
56800100351,OC,1367.9989,8051.4334,6683.4345,488.56,single_upstream
52175700275,OC,30.1194,2599.0086,2568.8892,8529.03,single_upstream
52501600071,OC,249.1596,2169.8371,1920.6775,770.86,single_upstream
56865000031,OC,70766.5703,77064.9632,6298.3929,8.9,single_upstream
53190700015,OC,775.575,8965.5778,8190.0028,1055.99,single_upstream
57202000031,OC,6928.6421,11026.1979,4097.5559,59.14,single_upstream
57207000035,OC,104.4771,8404.2075,8299.7304,7944.06,single_upstream
51140000201,OC,3659.1949,4671.6051,1012.4102,27.67,single_upstream
53159100173,OC,34.1225,944.9862,910.8637,2669.39,single_upstream
51180200801,OC,103.7682,808.1692,704.401,678.82,single_upstream
52173700075,OC,232.0124,688.4143,456.402,196.71,single_upstream
53159100535,OC,98.4208,1576.5699,1478.1491,1501.87,single_upstream
56827000021,OC,22418.483,141425.1913,119006.7083,530.84,single_upstream
56100100123,OC,11093.4051,37283.089,26189.6839,236.08,single_upstream
53159700215,OC,71.4401,4034.5412,3963.1011,5547.45,conservation_floor
53159700026,OC,18.2094,443.5538,425.3444,2335.85,single_upstream
56464700164,OC,15023.2412,15233.5581,210.3169,1.4,single_upstream
53140400313,OC,3015.749,3310.8551,295.1061,9.79,conservation_floor
53130200731,OC,58.6562,2561.9855,2503.3292,4267.8,single_upstream
53159300065,OC,147.9954,165.2376,17.2422,11.65,single_upstream
53159304165,OC,14.6158,165.2376,150.6218,1030.54,single_upstream
56257500015,OC,126.2059,2558.7372,2432.5313,1927.43,conservation_floor
53130800131,OC,7909.6497,9588.6451,1678.9954,21.23,single_upstream
56800100531,OC,137.1616,4025.7167,3888.555,2835.02,single_upstream
56800100341,OC,1367.9989,4025.7167,2657.7178,194.28,single_upstream
52175700265,OC,162.6532,2615.6863,2453.0331,1508.14,conservation_floor
52501600061,OC,124.9693,2169.8371,2044.8678,1636.3,single_upstream
56865000021,OC,70766.5703,77064.9632,6298.3929,8.9,single_upstream
53190700456,OC,751.6749,8965.5778,8213.9029,1092.75,single_upstream
53159900055,OC,49.8463,1157.0253,1107.179,2221.19,conservation_floor
57202000021,OC,7599.2876,11227.3893,3628.1016,47.74,conservation_floor
57207000025,OC,199.6732,8404.2075,8204.5344,4108.98,single_upstream
51140000191,OC,3809.0326,4671.6051,862.5725,22.65,single_upstream
52173700065,OC,279.2815,688.4143,409.1328,146.49,single_upstream
52173700045,OC,5737.731,6493.306,755.5751,13.17,conservation_floor
53159100525,OC,98.4208,1576.5699,1478.1491,1501.87,single_upstream
56827000011,OC,24143.7538,141425.1913,117281.4374,485.76,single_upstream
56100100111,OC,3929.9799,37283.089,33353.1091,848.68,single_upstream
53159700206,OC,71.4401,4034.5412,3963.1011,5547.45,single_upstream
56464700151,OC,15023.2412,15233.5581,210.3169,1.4,single_upstream
53130200101,OC,420.9935,1280.9927,859.9993,204.28,single_upstream
53130200711,OC,37.0424,2561.9855,2524.9431,6816.36,single_upstream
53159300055,OC,147.9954,165.2376,17.2422,11.65,single_upstream
53159304155,OC,50.2965,165.2376,114.9411,228.53,single_upstream
56257700016,OC,15.3985,2558.7372,2543.3387,16516.78,single_upstream
53130800121,OC,8016.5002,9588.6451,1572.145,19.61,single_upstream
56800100331,OC,137.2879,8051.4334,7914.1455,5764.63,conservation_floor
52175700255,OC,401.8575,2775.1288,2373.2713,590.58,conservation_floor
52501600051,OC,94.0593,2169.8371,2075.7779,2206.88,single_upstream
53150000016,OC,362.1272,381.5718,19.4445,5.37,single_upstream
56864300041,OC,85.1979,38532.4816,38447.2838,45127.06,single_upstream
56864300051,OC,107.8604,38532.4816,38424.6213,35624.41,single_upstream
53159900045,OC,58.5655,1157.0253,1098.4598,1875.61,single_upstream
57202000011,OC,8138.0244,11227.3893,3089.3649,37.96,single_upstream
57207000016,OC,201.2554,8404.2075,8202.9521,4075.89,single_upstream
56490900244,OC,802.2127,822.3105,20.0978,2.51,single_upstream
51140000181,OC,3971.6579,4671.6051,699.9472,17.62,single_upstream
51117000025,OC,37.7517,6046.466,6008.7143,15916.42,conservation_floor
52150700045,OC,626.7634,2734.5428,2107.7795,336.3,conservation_floor
52173700056,OC,280.2269,688.4143,408.1875,145.66,single_upstream
52173700035,OC,36.1376,3246.653,3210.5154,8884.14,single_upstream
53159100515,OC,98.4208,1576.5699,1478.1491,1501.87,single_upstream
56826000021,OC,25857.8939,141425.1913,115567.2974,446.93,single_upstream
56100100103,OC,184.8702,37283.089,37098.2188,20067.17,single_upstream
52139500035,OC,236.2802,2764.3464,2528.0662,1069.94,single_upstream
51170000335,OC,989.8501,3149.119,2159.2689,218.14,conservation_floor
56464700144,OC,15023.2412,15233.5581,210.3169,1.4,single_upstream
56900100035,OC,288.8495,5901.6748,5612.8252,1943.17,conservation_floor
53140400153,OC,5370.6675,9711.5764,4340.909,80.83,conservation_floor
53159304205,OC,105.2747,165.2376,59.9629,56.96,single_upstream
53130800111,OC,8549.4854,9588.6451,1039.1598,12.15,single_upstream
56800100321,OC,142.8806,8051.4334,7908.5528,5535.08,single_upstream
52175700245,OC,401.8575,2775.1288,2373.2713,590.58,single_upstream
52501600045,OC,78.3746,2169.8371,2091.4625,2668.55,single_upstream
56864300031,OC,107.8604,38532.4816,38424.6213,35624.41,single_upstream
56864400011,OC,35.9583,38532.4816,38496.5234,107058.89,single_upstream
53159900035,OC,67.2846,1157.0253,1089.7407,1619.6,single_upstream
57203000016,OC,8144.5264,11227.3893,3082.8629,37.85,single_upstream
56490900231,OC,796.4081,822.3105,25.9023,3.25,single_upstream
52409700026,OC,14.0008,1072.9411,1058.9403,7563.4,single_upstream
51140000171,OC,4133.4492,4671.6051,538.1558,13.02,single_upstream
51117000015,OC,37.7517,6046.466,6008.7143,15916.42,single_upstream
52150700035,OC,611.94,2734.5428,2122.6028,346.86,single_upstream
52173700025,OC,32.6853,3246.653,3213.9677,9833.06,single_upstream
56826000011,OC,27560.9032,141425.1913,113864.2881,413.14,single_upstream
56100100091,OC,292.1627,37283.089,36990.9263,12661.07,single_upstream
52139500025,OC,302.5529,2764.3464,2461.7936,813.67,single_upstream
51170000325,OC,989.8501,3149.119,2159.2689,218.14,single_upstream
56464700131,OC,15023.2412,15233.5581,210.3169,1.4,single_upstream
56900100025,OC,539.1265,5901.6748,5362.5483,994.67,single_upstream
53140400143,OC,5474.7578,15290.1936,9815.4358,179.29,conservation_floor
53130800101,OC,9049.9375,9588.6451,538.7076,5.95,single_upstream
56800100311,OC,143.4976,4025.7167,3882.2191,2705.42,single_upstream
56800100521,OC,152.398,4025.7167,3873.3187,2541.58,single_upstream
52175700235,OC,401.8575,2775.1288,2373.2713,590.58,single_upstream
52501600035,OC,107.9204,2169.8371,2061.9168,1910.59,single_upstream
56864300021,OC,75722.5676,77064.9632,1342.3957,1.77,conservation_floor
53159900025,OC,75.83,1157.0253,1081.1953,1425.81,single_upstream
56490900224,OC,753.2885,822.3105,69.022,9.16,single_upstream
51140000161,OC,4297.1865,4671.6051,374.4186,8.71,single_upstream
51119000046,OC,37.7517,6046.466,6008.7143,15916.42,single_upstream
52150700025,OC,597.4036,2734.5428,2137.1393,357.74,single_upstream
52173700016,OC,32.6853,3246.653,3213.9677,9833.06,single_upstream
51501100055,OC,78.1358,1429.1814,1351.0456,1729.1,conservation_floor
56825000091,OC,29341.8279,141425.1913,112083.3633,381.99,single_upstream
56100100083,OC,323.7192,37283.089,36959.3697,11417.11,single_upstream
52139500016,OC,303.7652,2764.3464,2460.5812,810.03,single_upstream
51170000316,OC,989.8501,3149.119,2159.2689,218.14,single_upstream
56464700121,OC,15023.2412,15233.5581,210.3169,1.4,single_upstream
56900100016,OC,539.1265,5901.6748,5362.5483,994.67,single_upstream
53140400133,OC,5474.7578,15290.1936,9815.4358,179.29,single_upstream
56395000075,OC,87.0369,3349.0222,3261.9853,3747.82,conservation_floor
53159300025,OC,278.6383,1392.2674,1113.629,399.67,conservation_floor
53130800091,OC,9049.9375,9588.6451,538.7076,5.95,single_upstream
56800100301,OC,149.8735,8051.4334,7901.5598,5272.15,conservation_floor
52175700226,OC,401.8575,2775.1288,2373.2713,590.58,single_upstream
52501600025,OC,138.5604,2169.8371,2031.2767,1465.99,single_upstream
52179300065,OC,676.2777,3543.4528,2867.1751,423.96,conservation_floor
53159900015,OC,84.694,1157.0253,1072.3313,1266.12,single_upstream
56490900211,OC,747.484,822.3105,74.8265,10.01,single_upstream
52150700016,OC,582.4367,2734.5428,2152.1061,369.5,single_upstream
51501100045,OC,78.1358,1429.1814,1351.0456,1729.1,single_upstream
56825000081,OC,32536.3617,141425.1913,108888.8296,334.67,single_upstream
56100100071,OC,368.9504,37283.089,36914.1386,10005.18,single_upstream
53130500245,OC,117.8202,905.0024,787.1822,668.12,single_upstream
53130500225,OC,117.8202,905.0024,787.1822,668.12,single_upstream
56464700111,OC,15023.2412,15233.5581,210.3169,1.4,single_upstream
53140400123,OC,5474.7578,15332.9956,9858.2378,180.07,conservation_floor
51180200101,OC,331.2189,2284.7954,1953.5765,589.81,conservation_floor
56395000066,OC,79.33,3349.0222,3269.6922,4121.63,single_upstream
53159300016,OC,278.6383,1392.2674,1113.629,399.67,single_upstream
52501600016,OC,139.1076,2169.8371,2030.7296,1459.83,single_upstream
52179300055,OC,676.7817,3612.4649,2935.6832,433.77,conservation_floor
53159900756,OC,76.9308,1157.0253,1080.0945,1403.98,single_upstream
56490900201,OC,603.6137,822.3105,218.6968,36.23,single_upstream
51501100035,OC,78.1358,1429.1814,1351.0456,1729.1,single_upstream
56299300025,OC,48.6402,2619.8722,2571.232,5286.23,conservation_floor
56825000071,OC,34261.6325,141425.1913,107163.5588,312.78,single_upstream
56100100063,OC,460.4645,37283.089,36822.6245,7996.84,single_upstream
53130500236,OC,19.0435,905.0024,885.9589,4652.29,single_upstream
53130500216,OC,117.8202,905.0024,787.1822,668.12,single_upstream
56464700101,OC,15023.2412,15233.5581,210.3169,1.4,single_upstream
53140400113,OC,5597.5308,15424.8062,9827.2754,175.56,conservation_floor
51180200091,OC,308.441,2284.7954,1976.3543,640.76,single_upstream
52177000525,OC,168.8442,3453.6326,3284.7884,1945.45,single_upstream
52179300045,OC,691.3463,3612.4649,2921.1186,422.53,single_upstream
51501100021,OC,243.5,1507.3172,1263.8172,519.02,conservation_floor
56299300016,OC,47.5363,2619.8722,2572.3359,5411.31,single_upstream
56825000061,OC,37083.2852,141425.1913,104341.9061,281.37,single_upstream
56100100051,OC,473.0871,37283.089,36810.0018,7780.81,single_upstream
56464700091,OC,15023.2412,15233.5581,210.3169,1.4,single_upstream
53140400103,OC,6452.2679,16108.8546,9656.5867,149.66,conservation_floor
51180200081,OC,336.618,2284.7954,1948.1773,578.75,single_upstream
52177000255,OC,1333.5298,3688.6617,2355.1319,176.61,conservation_floor
51501100016,OC,243.5,1507.3172,1263.8172,519.02,single_upstream
56825000051,OC,142.3949,70712.5956,70570.2007,49559.5,single_upstream
56100100041,OC,594.0541,37283.089,36689.0349,6176.04,single_upstream
53140400091,OC,6482.8499,16108.8546,9626.0047,148.48,single_upstream
52177000205,OC,47.9844,1726.8163,1678.8319,3498.71,single_upstream
52177000475,OC,101.8904,1726.8163,1624.9259,1594.78,single_upstream
52177000245,OC,1333.5298,4029.1911,2695.6613,202.14,conservation_floor
52175800015,OC,284.9104,1487.806,1202.8956,422.2,single_upstream
53180200011,OC,21.2738,1383.3112,1362.0374,6402.41,single_upstream
56825000041,OC,235.5931,70712.5956,70477.0025,29914.71,single_upstream
56100100033,OC,922.2427,37283.089,36360.8463,3942.65,single_upstream
51130500035,OC,592.4786,1306.6383,714.1597,120.54,single_upstream
53140400081,OC,6504.5793,16108.8546,9604.2753,147.65,single_upstream
52177000195,OC,18.3789,1726.8163,1708.4374,9295.65,single_upstream
52177000465,OC,101.8904,1726.8163,1624.9259,1594.78,single_upstream
52177000505,OC,35.6339,2014.5955,1978.9616,5553.59,single_upstream
52177000545,OC,1414.4965,2014.5955,600.0991,42.42,single_upstream
52175700065,OC,284.9104,1487.806,1202.8956,422.2,single_upstream
53158000101,OC,9572.1707,12731.9856,3159.8149,33.01,conservation_floor
56825000031,OC,329.0844,70712.5956,70383.5112,21387.68,single_upstream
56100100023,OC,1475.535,37283.089,35807.5539,2426.75,single_upstream
51130300015,OC,2557.3289,3863.9672,1306.6383,51.09,conservation_floor
51130500075,OC,481.0276,1306.6383,825.6107,171.63,single_upstream
53140400073,OC,6544.8188,16108.8546,9564.0358,146.13,single_upstream
53153000423,OC,4262.6766,4896.4502,633.7736,14.87,conservation_floor
52177000185,OC,25.9669,863.4082,837.4412,3225.03,single_upstream
52177000455,OC,17.09,863.4082,846.3182,4952.13,single_upstream
52175900145,OC,20.3714,863.4082,843.0368,4138.34,single_upstream
52175900045,OC,31.6156,863.4082,831.7926,2630.96,single_upstream
52177000495,OC,123.0728,2014.5955,1891.5227,1536.91,single_upstream
52175700055,OC,284.9104,1503.4124,1218.502,427.68,conservation_floor
52175900155,OC,32.8014,817.6342,784.8328,2392.68,single_upstream
52175900055,OC,32.8014,817.6342,784.8328,2392.68,single_upstream
56233900025,OC,207.1585,1376.9655,1169.8071,564.69,single_upstream
56233900035,OC,121.656,1376.9655,1255.3095,1031.85,single_upstream
53158000091,OC,9603.3926,12731.9856,3128.593,32.58,single_upstream
56825000021,OC,422.2826,70712.5956,70290.313,16645.32,single_upstream
56235000045,OC,1572.6803,8914.8628,7342.1825,466.86,conservation_floor
56100100016,OC,1475.535,37283.089,35807.5539,2426.75,single_upstream
51130100095,OC,32.6396,1931.9836,1899.344,5819.14,single_upstream
51130300075,OC,23.1838,1931.9836,1908.7997,8233.32,single_upstream
51130500065,OC,353.5994,1306.6383,953.0389,269.53,single_upstream
53140400063,OC,6579.4448,16355.6362,9776.1914,148.59,conservation_floor
53153000411,OC,4322.4295,4896.4502,574.0207,13.28,single_upstream
52177000446,OC,14.521,863.4082,848.8872,5845.95,single_upstream
52175900135,OC,18.7083,863.4082,844.6999,4515.12,single_upstream
52177000395,OC,130.2666,2064.1239,1933.8573,1484.54,conservation_floor
52177000175,OC,1414.4965,1870.7059,456.2095,32.25,conservation_floor
52175700045,OC,94.6804,751.7062,657.0258,693.94,single_upstream
52175700145,OC,94.6804,751.7062,657.0258,693.94,single_upstream
52175900035,OC,32.8014,1681.0424,1648.241,5024.91,conservation_floor
56233900016,OC,207.1585,1376.9655,1169.8071,564.69,single_upstream
56235000126,OC,108.8249,1376.9655,1268.1406,1165.3,single_upstream
53158000081,OC,11854.6021,13136.1591,1281.5571,10.81,conservation_floor
56825000011,OC,515.7739,70712.5956,70196.8217,13610.0,single_upstream
56235000035,OC,88.1961,11140.2021,11052.006,12531.17,conservation_floor
56238300103,OC,71.1779,13960.0988,13888.9209,19512.95,conservation_floor
51130100085,OC,46.1945,1931.9836,1885.7891,4082.28,single_upstream
51130300065,OC,30.9552,1931.9836,1901.0284,6141.22,single_upstream
51130500055,OC,233.5753,1306.6383,1073.063,459.41,single_upstream
53140400053,OC,6562.5739,16391.252,9828.678,149.77,conservation_floor
53153000401,OC,4380.8245,4896.4502,515.6258,11.77,single_upstream
52175900126,OC,17.1089,863.4082,846.2992,4946.54,single_upstream
52177000385,OC,26.6518,3071.4217,3044.7699,11424.27,conservation_floor
52175700035,OC,94.6804,751.7062,657.0258,693.94,single_upstream
52175700215,OC,96.5937,375.8531,279.2594,289.11,single_upstream
52175700135,OC,65.475,375.8531,310.3781,474.04,single_upstream
52175900025,OC,15.4671,2498.6766,2483.2095,16054.81,conservation_floor
53158000071,OC,12164.7208,13136.1591,971.4383,7.99,single_upstream
56824000061,OC,622.4536,70712.5956,70090.142,11260.3,single_upstream
51130100075,OC,158.3924,1931.9836,1773.5912,1119.75,single_upstream
51130300055,OC,38.4298,1931.9836,1893.5538,4927.31,single_upstream
51130500045,OC,127.9696,1306.6383,1178.6687,921.05,single_upstream
53140400041,OC,6714.8115,16391.252,9676.4404,144.11,single_upstream
53153000391,OC,4440.9654,4896.4502,455.4848,10.26,single_upstream
52177000165,OC,24.3533,4942.1276,4917.7743,20193.42,conservation_floor
52175700025,OC,94.6804,751.7062,657.0258,693.94,single_upstream
52175700206,OC,41.7193,375.8531,334.1338,800.91,single_upstream
52175700125,OC,60.4254,383.2525,322.8271,534.26,conservation_floor
52175900016,OC,15.4671,2498.6766,2483.2095,16054.81,single_upstream
53158000061,OC,12324.0874,13136.1591,812.0717,6.59,single_upstream
52402800045,OC,979.6035,1189.6015,209.9979,21.44,single_upstream
56824000051,OC,785.9901,70712.5956,69926.6055,8896.63,single_upstream
56824000161,OC,1599.3301,70712.5956,69113.2656,4321.39,single_upstream
51130100065,OC,139.0941,1931.9836,1792.8895,1288.98,single_upstream
51130300045,OC,46.0123,1931.9836,1885.9713,4098.84,single_upstream
51130000165,OC,31.1355,653.3191,622.1837,1998.31,single_upstream
51130700185,OC,134.0628,653.3191,519.2564,387.32,single_upstream
53140400031,OC,6857.1859,16710.5822,9853.3963,143.69,conservation_floor
53153000381,OC,4501.3003,4896.4502,395.1499,8.78,single_upstream
53130300045,OC,93.31,5898.7978,5805.4878,6221.72,conservation_floor
52177000156,OC,24.3546,4942.1276,4917.7731,20192.4,single_upstream
52175700016,OC,94.6804,751.7062,657.0258,693.94,single_upstream
52175700115,OC,96.679,414.7,318.021,328.95,conservation_floor
53158000051,OC,12479.1468,13136.1591,657.0123,5.26,single_upstream
56824000041,OC,890.0322,70712.5956,69822.5635,7844.95,single_upstream
56824000181,OC,74.5515,35356.2978,35281.7463,47325.33,single_upstream
56824000171,OC,74.5438,35356.2978,35281.754,47330.21,single_upstream
56238300073,OC,62.7105,7349.1683,7286.4578,11619.2,single_upstream
51130100056,OC,118.3932,1931.9836,1813.5904,1531.84,single_upstream
51130300036,OC,99.0476,1931.9836,1832.9359,1850.56,single_upstream
51130700175,OC,122.3722,653.3191,530.9469,433.88,single_upstream
53140400021,OC,7007.5747,16710.5822,9703.0075,138.46,single_upstream
53153000371,OC,4559.6952,4896.4502,336.755,7.39,single_upstream
53130300035,OC,93.31,5898.7978,5805.4878,6221.72,single_upstream
53130900255,OC,306.5771,4928.8727,4622.2957,1507.71,single_upstream
52175700105,OC,96.5937,422.0993,325.5056,336.98,conservation_floor
53158000041,OC,12640.667,13136.1591,495.4921,3.92,single_upstream
56323000063,OC,43467.8078,66153.5078,22685.7,52.19,conservation_floor
56824000031,OC,992.6088,70712.5956,69719.9868,7023.91,single_upstream
56824000191,OC,74.5438,35356.2978,35281.754,47330.21,single_upstream
56238300064,OC,62.7105,7349.1683,7286.4578,11619.2,single_upstream
51130700165,OC,110.3884,653.3191,542.9308,491.84,single_upstream
53140400011,OC,7222.0791,16710.5822,9488.5031,131.38,single_upstream
53153000361,OC,4619.0601,4896.4502,277.3901,6.01,single_upstream
53130300025,OC,93.31,5898.7978,5805.4878,6221.72,single_upstream
53130900245,OC,47.8976,4928.8727,4880.9752,10190.44,single_upstream
52175700096,OC,41.7193,422.0993,380.3801,911.76,single_upstream
52501800041,OC,7285.6748,8157.7152,872.0404,11.97,conservation_floor
56323000054,OC,43530.8751,66153.5078,22622.6326,51.97,single_upstream
56824000091,OC,1301.4886,70712.5956,69411.107,5333.21,conservation_floor
56238300054,OC,13.6714,7349.1683,7335.497,53655.96,single_upstream
51130700155,OC,96.938,653.3191,556.3812,573.96,single_upstream
53153000351,OC,4678.0371,4896.4502,218.4132,4.67,single_upstream
53130300016,OC,93.31,5898.7978,5805.4878,6221.72,single_upstream
53130900205,OC,81.6022,2464.4364,2382.8341,2920.06,single_upstream
53130900235,OC,35.365,4928.8727,4893.5078,13837.16,single_upstream
52501800031,OC,7285.6748,8157.7152,872.0404,11.97,single_upstream
56323000041,OC,46458.2498,66153.5078,19695.258,42.39,single_upstream
56824000021,OC,4567.9717,141425.1913,136857.2195,2996.02,conservation_floor
51130700145,OC,83.6133,653.3191,569.7059,681.36,single_upstream
52132000111,OC,86.7538,2781.41,2694.6562,3106.1,single_upstream
53153000341,OC,4793.4688,4896.4502,102.9814,2.15,single_upstream
53130900195,OC,57.1315,2464.4364,2407.3048,4213.62,single_upstream
53130900125,OC,19.9339,2464.4364,2444.5025,12263.06,single_upstream
53130900225,OC,22.7566,4928.8727,4906.1161,21559.07,single_upstream
52501800021,OC,7285.6748,8157.7152,872.0404,11.97,single_upstream
56323000031,OC,48628.8167,66153.5078,17524.6911,36.04,single_upstream
56824000011,OC,6744.0848,70712.5956,63968.5109,948.51,single_upstream
56824000081,OC,5704.6904,70712.5956,65007.9052,1139.55,single_upstream
51130700135,OC,69.9953,653.3191,583.3239,833.38,single_upstream
52132000101,OC,84.4363,2781.41,2696.9737,3194.09,single_upstream
53130900186,OC,34.9694,2464.4364,2429.467,6947.42,single_upstream
53130900116,OC,13.2689,2464.4364,2451.1675,18473.0,single_upstream
53130900216,OC,11.8521,4928.8727,4917.0206,41486.45,single_upstream
53157000265,OC,3106.2065,9942.1662,6835.9596,220.07,single_upstream
52501800011,OC,7285.6748,8157.7152,872.0404,11.97,single_upstream
56323000024,OC,48702.3952,66153.5078,17451.1126,35.83,single_upstream
56823000141,OC,69462.8019,70712.5956,1249.7937,1.8,single_upstream
56823000181,OC,5704.6904,70712.5956,65007.9052,1139.55,single_upstream
51130700125,OC,56.2935,653.3191,597.0257,1060.56,single_upstream
53157000255,OC,3106.2065,9942.1662,6835.9596,220.07,single_upstream
52501900023,OC,7285.6748,8157.7152,872.0404,11.97,single_upstream
56323000011,OC,50562.8811,66153.5078,15590.6267,30.83,single_upstream
56823000191,OC,5704.6904,70712.5956,65007.9052,1139.55,single_upstream
51130700115,OC,44.1001,653.3191,609.219,1381.44,single_upstream
53157000245,OC,3106.2065,9942.1662,6835.9596,220.07,single_upstream
52501900016,OC,7285.6748,8157.7152,872.0404,11.97,single_upstream
56321000101,OC,125588.3292,140293.0547,14704.7254,11.71,conservation_floor
56823000201,OC,5704.6904,70712.5956,65007.9052,1139.55,single_upstream
52175100045,OC,156.268,1507.123,1350.8551,864.45,single_upstream
51130700105,OC,33.4152,653.3191,619.9039,1855.15,single_upstream
53157000235,OC,3106.2065,9942.1662,6835.9596,220.07,single_upstream
51150100275,OC,236.7231,3851.7107,3614.9876,1527.1,single_upstream
56321000091,OC,125821.204,140293.0547,14471.8507,11.5,single_upstream
56823000171,OC,1253.2648,70712.5956,69459.3309,5542.27,single_upstream
52175100035,OC,156.268,1507.123,1350.8551,864.45,single_upstream
53120100015,OC,248.3669,5831.3634,5582.9965,2247.88,single_upstream
53157000225,OC,3263.6655,10904.5136,7640.848,234.12,conservation_floor
51150100285,OC,262.8096,3851.7107,3588.9011,1365.59,single_upstream
56321000081,OC,126174.8285,140293.0547,14118.2261,11.19,single_upstream
52175100025,OC,156.268,1507.123,1350.8551,864.45,single_upstream
53110900075,OC,360.1344,5831.3634,5471.229,1519.22,single_upstream
53157000215,OC,4621.0649,11914.5409,7293.4759,157.83,conservation_floor
56321000071,OC,129574.7656,140293.0547,10718.289,8.27,single_upstream
56823000091,OC,112144.476,141522.3332,29377.8573,26.2,conservation_floor
52175100016,OC,156.268,1507.123,1350.8551,864.45,single_upstream
51130100045,OC,250.3886,4443.3279,4192.9392,1674.57,single_upstream
51130100115,OC,250.3886,4443.3279,4192.9392,1674.57,single_upstream
53110900065,OC,415.8274,5831.3634,5415.536,1302.35,single_upstream
53120100205,OC,61.6764,2915.6817,2854.0053,4627.39,single_upstream
53157000205,OC,4543.6118,11914.5409,7370.9291,162.23,single_upstream
56321000065,OC,129632.6361,140293.0547,10660.4186,8.22,single_upstream
51130100035,OC,184.664,4443.3279,4258.6638,2306.17,single_upstream
51130100105,OC,58.1667,4443.3279,4385.1612,7538.96,single_upstream
53110900055,OC,471.1389,5831.3634,5360.2245,1137.72,single_upstream
53130101095,OC,101.9505,2915.6817,2813.7312,2759.9,single_upstream
53157000196,OC,4469.2568,11914.5409,7445.2841,166.59,single_upstream
53159100016,OC,13.1616,10041.0417,10027.8801,76190.16,single_upstream
51130700095,OC,67.1222,3851.7107,3784.5885,5638.35,single_upstream
51150100115,OC,65.8076,3851.7107,3785.9031,5752.99,single_upstream
56321000055,OC,129690.8627,140293.0547,10602.192,8.17,single_upstream
51130100025,OC,58.1667,8886.6557,8828.489,15177.92,conservation_floor
53110900045,OC,527.2134,5831.3634,5304.15,1006.07,single_upstream
53120100155,OC,233.7555,1457.8409,1224.0854,523.66,single_upstream
53130101105,OC,122.3985,2915.6817,2793.2832,2282.12,single_upstream
51130700085,OC,46.245,3851.7107,3805.4657,8228.92,single_upstream
51150100105,OC,39.5725,3851.7107,3812.1382,9633.31,single_upstream
52179100075,OC,113.5296,3013.9702,2900.4406,2554.79,single_upstream
56321000045,OC,129749.4454,140293.0547,10543.6093,8.13,single_upstream
51130100016,OC,58.1667,8886.6557,8828.489,15177.92,single_upstream
53110900035,OC,610.6071,5843.9423,5233.3352,857.07,conservation_floor
53120100145,OC,15.5086,1457.8409,1442.3323,9300.24,single_upstream
53130101115,OC,143.4682,2915.6817,2772.2135,1932.28,single_upstream
56298100033,OC,9121.643,15269.6953,6148.0524,67.4,single_upstream
51130700075,OC,67.1222,4505.0298,4437.9076,6611.68,conservation_floor
51150100096,OC,12.2649,3851.7107,3839.4458,31304.38,single_upstream
52178000775,OC,71.7934,1506.9851,1435.1917,1999.06,single_upstream
52179100065,OC,208.5051,3013.9702,2805.4651,1345.51,single_upstream
56321000035,OC,129808.3842,140293.0547,10484.6704,8.08,single_upstream
53110900115,OC,610.8434,2921.9711,2311.1278,378.35,single_upstream
53110900025,OC,338.3498,2921.9711,2583.6213,763.59,single_upstream
53130100055,OC,43.1565,740.6154,697.4588,1616.11,conservation_floor
53110900155,OC,32.3546,1457.8409,1425.4863,4405.83,single_upstream
53130101055,OC,163.9852,2915.6817,2751.6965,1678.02,single_upstream
56298100025,OC,343.8767,15432.4684,15088.5917,4387.79,conservation_floor
51130000155,OC,67.1222,2252.5149,2185.3927,3255.84,single_upstream
51130700065,OC,16.5039,2252.5149,2236.0111,13548.4,single_upstream
52178000795,OC,61.6296,753.4926,691.863,1122.61,single_upstream
52178000765,OC,21.6191,753.4926,731.8734,3385.3,single_upstream
52179100055,OC,240.8385,3013.9702,2773.1318,1151.45,single_upstream
56321000025,OC,129860.5567,140293.0547,10432.498,8.03,single_upstream
52160100145,OC,1795.1738,8036.35,6241.1762,347.66,single_upstream
53180700201,OC,36409.7025,46633.9363,10224.2339,28.08,conservation_floor
53110900106,OC,610.7646,2921.9711,2311.2065,378.41,single_upstream
53110900016,OC,338.3498,2921.9711,2583.6213,763.59,single_upstream
53130100035,OC,43.1565,364.4602,321.3037,744.51,single_upstream
53130100046,OC,43.1565,740.6154,697.4588,1616.11,single_upstream
53110900145,OC,49.8893,1457.8409,1407.9516,2822.15,single_upstream
53130100725,OC,35.6425,3195.2947,3159.6522,8864.84,conservation_floor
56298100015,OC,691.7095,15432.4684,14740.7589,2131.06,single_upstream
51130000146,OC,66.8703,2252.5149,2185.6446,3268.48,single_upstream
51130700055,OC,19.9956,2252.5149,2232.5193,11165.04,single_upstream
52179100195,OC,48.9429,753.4926,704.5496,1439.53,single_upstream
52178000755,OC,31.3101,753.4926,722.1825,2306.55,single_upstream
56321000015,OC,129915.4001,140293.0547,10377.6546,7.99,single_upstream
52160100135,OC,1660.5841,8036.35,6375.7659,383.95,single_upstream
53180700191,OC,37195.044,46633.9363,9438.8924,25.38,single_upstream
53130100025,OC,43.1565,364.4602,321.3037,744.51,single_upstream
53110900135,OC,66.4174,1457.8409,1391.4234,2094.97,single_upstream
53130100716,OC,35.6425,3195.2947,3159.6522,8864.84,single_upstream
56299100045,OC,376.761,15636.4789,15259.718,4050.24,conservation_floor
56861000251,OC,3438.8287,38532.4816,35093.6529,1020.51,single_upstream
51180100015,OC,175.5178,10916.8659,10741.3481,6119.8,single_upstream
51130700045,OC,22.9502,2252.5149,2229.5647,9714.8,single_upstream
52177000105,OC,43.0333,376.7463,333.7129,775.48,single_upstream
52177000145,OC,67.3374,376.7463,309.4089,459.49,single_upstream
52179100185,OC,40.6416,753.4926,712.851,1754.0,single_upstream
52178000745,OC,41.0373,753.4926,712.4553,1736.12,single_upstream
56310000025,OC,34.9027,70146.5273,70111.6246,200877.35,single_upstream
56330000025,OC,216.2577,70146.5273,69930.2696,32336.54,single_upstream
52160100125,OC,1520.4059,8036.35,6515.9441,428.57,single_upstream
53180700181,OC,38134.374,46633.9363,8499.5624,22.29,single_upstream
53130100016,OC,43.1565,364.4602,321.3037,744.51,single_upstream
53110900126,OC,50.2071,1457.8409,1407.6337,2803.65,single_upstream
56299100035,OC,359.549,15636.4789,15276.9299,4248.91,single_upstream
56861000261,OC,3449.1278,38532.4816,35083.3538,1017.17,single_upstream
51190100085,OC,4788.5981,10916.8659,6128.2677,127.98,single_upstream
51130700035,OC,26.0055,2252.5149,2226.5094,8561.69,single_upstream
52177000095,OC,85.1196,376.7463,291.6267,342.61,single_upstream
52179100175,OC,53.9773,753.4926,699.5152,1295.94,single_upstream
52178000735,OC,66.9473,376.7463,309.799,462.75,single_upstream
52179100165,OC,62.269,376.7463,314.4773,505.03,single_upstream
56310000016,OC,35.2205,70146.5273,70111.3068,199063.85,single_upstream
56330000016,OC,217.6714,70146.5273,69928.8559,32125.87,single_upstream
51150300065,OC,338.679,2748.9489,2410.27,711.67,conservation_floor
52171000185,OC,1388.6105,8036.35,6647.7396,478.73,single_upstream
53180700171,OC,38785.7454,46633.9363,7848.1909,20.23,single_upstream
56299100025,OC,342.1226,15636.4789,15294.3564,4470.43,single_upstream
56861000271,OC,3458.9775,38532.4816,35073.5042,1013.98,single_upstream
51190100075,OC,5393.8179,15478.8959,10085.078,186.97,conservation_floor
51130700025,OC,29.0608,2252.5149,2223.4542,7651.05,single_upstream
52177000086,OC,85.1196,376.7463,291.6267,342.61,single_upstream
52179100045,OC,364.6917,3767.4628,3402.771,933.05,conservation_floor
52178000785,OC,85.1196,188.3731,103.2535,121.3,single_upstream
52178000725,OC,77.4819,188.3731,110.8913,143.12,single_upstream
51150500075,OC,174.0662,1321.1294,1147.0633,658.98,single_upstream
51150300055,OC,381.6215,2748.9489,2367.3275,620.33,single_upstream
52160100155,OC,801.8017,4018.175,3216.3733,401.14,single_upstream
52171000175,OC,1120.3625,8036.35,6915.9875,617.3,single_upstream
53180700163,OC,38904.3166,46633.9363,7729.6197,19.87,single_upstream
56299100016,OC,334.5086,15636.4789,15301.9704,4574.46,single_upstream
56861000281,OC,3468.7897,38532.4816,35063.6919,1010.83,single_upstream
51170000085,OC,1145.5197,5476.2404,4330.7208,378.06,single_upstream
51190100065,OC,5420.6714,15478.8959,10058.2245,185.55,single_upstream
51130700015,OC,32.2727,2252.5149,2220.2422,6879.62,single_upstream
52179100125,OC,884.2605,1883.7314,999.4709,113.03,single_upstream
52179100035,OC,884.2605,1883.7314,999.4709,113.03,single_upstream
52177000135,OC,85.1196,565.1194,479.9998,563.91,conservation_floor
52177000075,OC,28.1797,94.1866,66.0068,234.24,single_upstream
52179100145,OC,90.1253,94.1866,4.0613,4.51,single_upstream
53155000015,OC,253.731,3517.2875,3263.5565,1286.23,single_upstream
56281000015,OC,1555.06,20751.1835,19196.1236,1234.43,single_upstream
51150300085,OC,270.0234,1374.9225,1104.8991,409.19,conservation_floor
51150300045,OC,419.3629,2748.9489,2329.5861,555.51,single_upstream
52171000085,OC,995.6437,4565.0295,3569.3858,358.5,conservation_floor
52171000165,OC,848.8546,8036.35,7187.4955,846.73,single_upstream
53180700151,OC,39384.7608,46633.9363,7249.1755,18.41,single_upstream
56861000296,OC,3469.0144,38532.4816,35063.4672,1010.76,single_upstream
51170000075,OC,1145.5197,5476.2404,4330.7208,378.06,single_upstream
51190100055,OC,5446.3841,15478.8959,10032.5118,184.2,single_upstream
51130000135,OC,37.5101,1126.2575,1088.7474,2902.55,single_upstream
51130000065,OC,14.6999,1126.2575,1111.5576,7561.69,single_upstream
52179100115,OC,13.5151,2260.4777,2246.9625,16625.54,conservation_floor
52179100025,OC,884.2605,2650.5459,1766.2854,199.75,conservation_floor
52177000126,OC,85.1196,565.1194,479.9998,563.91,single_upstream
52179100156,OC,28.1797,94.1866,66.0068,234.24,single_upstream
52179100136,OC,90.1253,94.1866,4.0613,4.51,single_upstream
53155000025,OC,209.5968,3517.2875,3307.6907,1578.12,single_upstream
56279000095,OC,1605.267,20751.1835,19145.9165,1192.69,single_upstream
56237000025,OC,90.1629,7349.1683,7259.0054,8050.98,single_upstream
56239000665,OC,18.3191,7349.1683,7330.8492,40017.52,single_upstream
51150300035,OC,18.788,4352.9997,4334.2117,23068.99,conservation_floor
52171000075,OC,887.9564,4565.0295,3677.0731,414.11,single_upstream
52171000155,OC,580.6066,8036.35,7455.7434,1284.13,single_upstream
53180700141,OC,39875.9842,46633.9363,6757.9521,16.95,single_upstream
51170000065,OC,1145.5197,5476.2404,4330.7208,378.06,single_upstream
51190100045,OC,5473.3254,15478.8959,10005.5705,182.81,single_upstream
51130000126,OC,37.5101,1126.2575,1088.7474,2902.55,single_upstream
51130000055,OC,155.5783,1325.3561,1169.7778,751.89,conservation_floor
52179100106,OC,13.5151,2260.4777,2246.9625,16625.54,single_upstream
52179100016,OC,362.6188,2650.5459,2287.9271,630.95,single_upstream
53155000035,OC,163.6426,3517.2875,3353.6449,2049.37,single_upstream
56279000085,OC,1657.0764,20751.1835,19094.1071,1152.28,single_upstream
56237000015,OC,92.978,3674.5842,3581.6062,3852.1,single_upstream
56239000175,OC,92.978,3674.5842,3581.6062,3852.1,single_upstream
56239000655,OC,34.4446,7349.1683,7314.7237,21236.21,single_upstream
51150300025,OC,270.0234,5727.9223,5457.8988,2021.27,conservation_floor
52171000065,OC,786.1746,4565.0295,3778.8549,480.66,single_upstream
52171000146,OC,309.5644,8036.35,7726.7857,2496.02,single_upstream
53180700131,OC,40364.1278,46633.9363,6269.8085,15.53,single_upstream
51170000055,OC,1145.5197,5476.2404,4330.7208,378.06,single_upstream
51190100035,OC,5498.7748,15478.8959,9980.1211,181.5,single_upstream
51130000045,OC,90.928,1325.3561,1234.428,1357.59,single_upstream
56279000075,OC,1707.2834,20751.1835,19043.9001,1115.45,single_upstream
56235000025,OC,44.6144,14814.7863,14770.1719,33106.27,conservation_floor
56239000185,OC,92.978,7378.5957,7285.6177,7835.85,conservation_floor
51150300016,OC,266.0522,5727.9223,5461.8701,2052.93,single_upstream
52171000045,OC,678.14,1448.5976,770.4576,113.61,single_upstream
53180700121,OC,40826.0934,46633.9363,5807.8429,14.23,single_upstream
51170000045,OC,1145.5197,5578.2786,4432.759,386.96,conservation_floor
51190100025,OC,5524.0487,15478.8959,9954.8472,180.21,single_upstream
51130000035,OC,90.928,1978.6752,1887.7472,2076.09,conservation_floor
56279000065,OC,1758.0246,20751.1835,18993.1589,1080.37,single_upstream
52179900055,OC,167.6005,7728.5609,7560.9604,4511.3,single_upstream
52180100215,OC,184.0829,15559.7089,15375.626,8352.55,conservation_floor
56235000016,OC,44.6063,14814.7863,14770.18,33112.34,single_upstream
56239000165,OC,92.978,11053.1799,10960.2019,11787.96,conservation_floor
52171000035,OC,30.4764,6013.6271,5983.1507,19632.07,conservation_floor
52150900415,OC,42.7649,2666.1694,2623.4045,6134.49,conservation_floor
53180700111,OC,43218.1289,46633.9363,3415.8074,7.9,single_upstream
51170000036,OC,989.8501,5578.2786,4588.4285,463.55,single_upstream
51190100016,OC,5524.5752,15478.8959,9954.3207,180.18,single_upstream
51130000025,OC,69.2311,1978.6752,1909.4441,2758.07,single_upstream
56279000055,OC,1809.4779,20751.1835,18941.7056,1046.81,single_upstream
52179900115,OC,209.5435,3864.2804,3654.737,1744.14,single_upstream
52179900045,OC,167.6005,3864.2804,3696.6799,2205.65,single_upstream
52179900235,OC,50.2495,7779.8544,7729.6049,15382.44,single_upstream
52180100205,OC,184.0829,7779.8544,7595.7715,4126.28,single_upstream
56239000156,OC,87.09,11053.1799,10966.0898,12591.67,single_upstream
52171000025,OC,49.3901,6013.6271,5964.237,12075.77,single_upstream
52150900406,OC,42.7649,2666.1694,2623.4045,6134.49,single_upstream
53180700101,OC,43394.2528,47955.7145,4561.4617,10.51,conservation_floor
51130000016,OC,48.1577,1978.6752,1930.5175,4008.74,single_upstream
56279000045,OC,1859.685,20751.1835,18891.4986,1015.84,single_upstream
52179900145,OC,225.8352,1932.1402,1706.305,755.55,single_upstream
52179900105,OC,225.8352,1932.1402,1706.305,755.55,single_upstream
52179900085,OC,50.4226,1932.1402,1881.7177,3731.9,single_upstream
52179900035,OC,131.3345,1932.1402,1800.8058,1371.16,single_upstream
52179900225,OC,42.7365,7779.8544,7737.1179,18104.23,single_upstream
52190100045,OC,77.6519,3889.9272,3812.2753,4909.44,single_upstream
52180100225,OC,77.6519,3889.9272,3812.2753,4909.44,single_upstream
52171000016,OC,49.6977,6013.6271,5963.9294,12000.42,single_upstream
56350000075,OC,440.2908,52329.6983,51889.4075,11785.26,single_upstream
53180700091,OC,43570.3766,47955.7145,4385.3379,10.06,single_upstream
53157000055,OC,1176.0706,2250.7826,1074.712,91.38,single_upstream
56279000035,OC,1908.1116,20751.1835,18843.0719,987.52,single_upstream
52179900135,OC,39.6182,2110.0576,2070.4394,5225.98,conservation_floor
52179900096,OC,225.8352,1932.1402,1706.305,755.55,single_upstream
52179900076,OC,50.4226,1932.1402,1881.7177,3731.9,single_upstream
52179900025,OC,110.5059,1932.1402,1821.6343,1648.45,single_upstream
52179900215,OC,42.7365,7779.8544,7737.1179,18104.23,single_upstream
52190100035,OC,140.0374,4081.3335,3941.296,2814.46,conservation_floor
52179900255,OC,55.6258,3889.9272,3834.3015,6893.03,single_upstream
56350000065,OC,440.2908,52329.6983,51889.4075,11785.26,single_upstream
53180700081,OC,44091.9368,47955.7145,3863.7777,8.76,single_upstream
53157000185,OC,133.0785,1125.3913,992.3128,745.66,single_upstream
53157000045,OC,780.0325,2250.7826,1470.7501,188.55,single_upstream
56279000025,OC,1956.3602,20751.1835,18794.8233,960.7,single_upstream
52179900126,OC,39.6182,2110.0576,2070.4394,5225.98,single_upstream
52179900016,OC,90.1773,1932.1402,1841.9629,2042.6,single_upstream
52179900206,OC,42.7365,7779.8544,7737.1179,18104.23,single_upstream
52190100025,OC,86.5216,4139.7954,4053.2738,4684.7,conservation_floor
52179900246,OC,55.6258,3889.9272,3834.3015,6893.03,single_upstream
56350000165,OC,140855.0625,193121.9171,52266.8546,37.11,conservation_floor
56350000055,OC,440.2908,52329.6983,51889.4075,11785.26,single_upstream
53180700071,OC,44497.7028,47955.7145,3458.0117,7.77,single_upstream
53157000175,OC,101.5717,1125.3913,1023.8196,1007.98,single_upstream
53157000035,OC,1149.2458,2250.7826,1101.5367,95.85,single_upstream
56279000016,OC,1957.4285,20751.1835,18793.7551,960.12,single_upstream
52190100016,OC,86.5216,4139.7954,4053.2738,4684.7,single_upstream
56350000156,OC,140855.0625,193121.9171,52266.8546,37.11,single_upstream
56350000045,OC,440.2908,52329.6983,51889.4075,11785.26,single_upstream
53180700061,OC,44852.8697,47955.7145,3102.8448,6.92,single_upstream
53157000165,OC,65.207,1125.3913,1060.1843,1625.87,single_upstream
53157000025,OC,1488.6865,3293.6753,1804.9888,121.25,conservation_floor
56350000035,OC,185.5091,53170.1293,52984.6202,28561.74,conservation_floor
53180700051,OC,45209.9827,47955.7145,2745.7318,6.07,single_upstream
53157000156,OC,27.4543,1125.3913,1097.9369,3999.14,single_upstream
53157000016,OC,1408.3405,3293.6753,1885.3348,133.87,single_upstream
51160100025,OC,671.0639,5957.6854,5286.6215,787.8,single_upstream
56350000025,OC,185.5091,53170.1293,52984.6202,28561.74,single_upstream
53180700041,OC,45606.9912,47955.7145,2348.7233,5.15,single_upstream
51160100015,OC,582.4986,5957.6854,5375.1868,922.78,single_upstream
56350000016,OC,185.5091,53170.1293,52984.6202,28561.74,single_upstream
53180700031,OC,46018.5956,47955.7145,1937.1189,4.21,single_upstream
51150900045,OC,496.9153,5957.6854,5460.7702,1098.93,single_upstream
53180700021,OC,46548.9133,47955.7145,1406.8012,3.02,single_upstream
51150900035,OC,409.5428,5957.6854,5548.1427,1354.72,single_upstream
53180700011,OC,46579.0781,47955.7145,1376.6364,2.96,single_upstream
51150900025,OC,239.5689,5957.6854,5718.1165,2386.84,single_upstream
56875000021,OC,364.8446,755.6118,390.7672,107.11,single_upstream
56821000251,OC,105429.5068,141522.3332,36092.8264,34.23,single_upstream
51150900016,OC,71.3843,5957.6854,5886.3011,8245.93,single_upstream
56875000011,OC,567.5212,755.6118,188.0906,33.14,single_upstream
56424500301,OC,2886.9274,7041.4012,4154.4737,143.91,single_upstream
56821000241,OC,49865.7509,141522.3332,91656.5823,183.81,single_upstream
56424500291,OC,2438.0117,7041.4012,4603.3895,188.82,single_upstream
56821000231,OC,22846.1204,141522.3332,118676.2128,519.46,single_upstream
56424500281,OC,20.0085,7041.4012,7021.3926,35091.99,single_upstream
56821000221,OC,122961.1317,141522.3332,18561.2015,15.1,single_upstream
56470000231,OC,70.3858,18687.0579,18616.6721,26449.47,single_upstream
56873000351,OC,775.9983,1511.2236,735.2253,94.75,conservation_floor
56470000241,OC,70.3858,18687.0579,18616.6721,26449.47,single_upstream
56470000011,OC,17295.4093,18687.0579,1391.6486,8.05,single_upstream
52140100401,OC,427.6181,16230.1681,15802.55,3695.48,single_upstream
56873000341,OC,880.7487,1511.2236,630.4749,71.58,single_upstream
56470000256,OC,70.3858,18687.0579,18616.6721,26449.47,single_upstream
56463000491,OC,926.756,9343.529,8416.773,908.2,single_upstream
56470000051,OC,51.6956,9343.529,9291.8334,17974.14,single_upstream
52140100431,OC,95.2729,8115.0841,8019.8111,8417.72,single_upstream
52140100391,OC,418.9678,8115.0841,7696.1163,1836.92,single_upstream
56873000331,OC,988.9111,1511.2236,522.3125,52.82,single_upstream
56463000484,OC,929.1305,9343.529,8414.3984,905.62,single_upstream
56470000061,OC,50.4184,9343.529,9293.1105,18431.97,single_upstream
52140100441,OC,43.2348,12172.6261,12129.3913,28054.68,conservation_floor
52140100381,OC,563.7327,8115.0841,7551.3513,1339.53,single_upstream
56873000321,OC,74.3664,755.6118,681.2454,916.07,single_upstream
56463000471,OC,1014.6141,9343.529,8328.9148,820.89,single_upstream
56470000071,OC,50.5559,9343.529,9292.973,18381.58,single_upstream
52140100421,OC,198.8306,12172.6261,11973.7955,6022.11,single_upstream
52139900251,OC,388.5802,8115.0841,7726.5039,1988.39,single_upstream
56873000311,OC,87.0438,755.6118,668.568,768.08,single_upstream
56463000464,OC,1017.1713,9343.529,8326.3576,818.58,single_upstream
56470000081,OC,60.4196,9343.529,9283.1094,15364.41,single_upstream
52139900241,OC,271.7045,8115.0841,7843.3796,2886.73,single_upstream
56463000451,OC,1108.3173,9343.529,8235.2117,743.04,single_upstream
56470000261,OC,103.6171,4671.7645,4568.1474,4408.68,single_upstream
56470000091,OC,113.2753,4671.7645,4558.4892,4024.26,single_upstream
52139900233,OC,155.4727,8115.0841,7959.6114,5119.62,single_upstream
56463000444,OC,1110.8745,9343.529,8232.6544,741.1,single_upstream
56470000271,OC,133.1851,4671.7645,4538.5794,3407.72,single_upstream
56470000101,OC,184.1123,4671.7645,4487.6522,2437.45,single_upstream
52139900225,OC,1370.3568,4057.542,2687.1852,196.09,single_upstream
52139900665,OC,68.4383,4057.542,3989.1037,5828.76,single_upstream
56463000431,OC,1175.3525,9343.529,8168.1764,694.96,single_upstream
56470000281,OC,161.9039,4671.7645,4509.8606,2785.52,single_upstream
56470000111,OC,208.4372,4671.7645,4463.3273,2141.33,single_upstream
52139900215,OC,1370.3568,4057.542,2687.1852,196.09,single_upstream
52139900675,OC,48.249,4760.0953,4711.8463,9765.7,conservation_floor
56463000421,OC,1238.1866,9343.529,8105.3423,654.61,single_upstream
56470000121,OC,232.5901,4671.7645,4439.1743,1908.58,single_upstream
52139900205,OC,1370.3568,4057.542,2687.1852,196.09,single_upstream
52139900645,OC,35.9664,2380.0476,2344.0813,6517.43,single_upstream
52139900655,OC,75.2453,2380.0476,2304.8024,3063.05,single_upstream
56463000411,OC,1307.779,9343.529,8035.7499,614.46,single_upstream
56470000131,OC,257.3448,4671.7645,4414.4197,1715.37,single_upstream
52140100415,OC,1812.4223,12172.6261,10360.2038,571.62,single_upstream
52139900195,OC,1450.1539,2028.771,578.6171,39.9,single_upstream
52139900635,OC,1429.3843,2028.771,599.3867,41.93,single_upstream
52139900555,OC,148.6325,1190.0238,1041.3913,700.65,single_upstream
52139900595,OC,76.8179,1190.0238,1113.2059,1449.15,single_upstream
56463000401,OC,1422.3052,9343.529,7921.2238,556.93,single_upstream
56470000201,OC,57.7361,2335.8822,2278.1462,3945.79,single_upstream
56470000141,OC,308.5346,2335.8822,2027.3476,657.09,single_upstream
52150200065,OC,3443.6891,12172.6261,8728.937,253.48,single_upstream
52139900185,OC,71.3098,2248.0198,2176.71,3052.47,conservation_floor
52139900385,OC,1451.6669,2059.1612,607.4943,41.85,conservation_floor
52139900585,OC,1457.2567,3570.0714,2112.8147,144.99,conservation_floor
56463000394,OC,1424.6797,9343.529,7918.8493,555.83,single_upstream
56470000211,OC,99.0472,2335.8822,2236.835,2258.35,single_upstream
56470000151,OC,523.2044,7007.6467,6484.4423,1239.37,conservation_floor
52150200055,OC,5151.3363,12172.6261,7021.2898,136.3,single_upstream
52139900175,OC,73.8911,2248.0198,2174.1287,2942.34,single_upstream
52139900375,OC,2612.3938,5629.2326,3016.8388,115.48,conservation_floor
56463000381,OC,1473.2665,9343.529,7870.2624,534.2,single_upstream
56470000226,OC,99.5572,2335.8822,2236.325,2246.27,single_upstream
56470000161,OC,548.3898,7007.6467,6459.2569,1177.86,single_upstream
53130000175,OC,40.0461,14570.4425,14530.3964,36284.16,single_upstream
53130000055,OC,403.9164,14570.4425,14166.526,3507.29,single_upstream
52150200045,OC,6924.4524,12172.6261,5248.1737,75.79,single_upstream
52139900165,OC,295.6443,2500.1074,2204.4631,745.65,conservation_floor
52139900365,OC,378.52,7170.5331,6792.0131,1794.36,conservation_floor
56463000371,OC,1520.5748,9343.529,7822.9542,514.47,single_upstream
56470000171,OC,573.9489,7007.6467,6433.6978,1120.95,single_upstream
53130000165,OC,58.5051,14570.4425,14511.9374,24804.56,single_upstream
53130000045,OC,317.4575,14570.4425,14252.985,4489.73,single_upstream
52139900075,OC,37.1007,6086.313,6049.2123,16304.83,single_upstream
52150200035,OC,8495.7061,12172.6261,3676.92,43.28,single_upstream
52139900155,OC,378.52,2615.6343,2237.1144,591.02,conservation_floor
52139900355,OC,249.9446,7170.5331,6920.5885,2768.85,single_upstream
56463000361,OC,1569.8922,9343.529,7773.6367,495.17,single_upstream
56470000181,OC,599.3585,7007.6467,6408.2882,1069.19,single_upstream
53130000155,OC,60.5217,14570.4425,14509.9208,23974.76,single_upstream
53130000275,OC,227.3013,7285.2212,7057.92,3105.1,single_upstream
53130000035,OC,449.7346,7285.2212,6835.4866,1519.89,single_upstream
52139900065,OC,56.6964,6086.313,6029.6166,10634.91,single_upstream
52150200025,OC,8625.5732,16257.705,7632.1317,88.48,conservation_floor
52139900345,OC,136.4741,7170.5331,7034.059,5154.13,single_upstream
56463000354,OC,1572.4494,9343.529,7771.0795,494.2,single_upstream
56470000196,OC,748.8368,7007.6467,6258.8099,835.8,single_upstream
53151000065,OC,23.9509,7285.2212,7261.2704,30317.38,single_upstream
53130000145,OC,60.5217,7285.2212,7224.6996,11937.38,single_upstream
53130000025,OC,377.193,7285.2212,6908.0282,1831.43,single_upstream
52139900055,OC,480.5676,3043.1565,2562.589,533.24,single_upstream
52139900535,OC,378.52,3043.1565,2664.6366,703.96,single_upstream
52150200015,OC,8866.1357,16257.705,7391.5692,83.37,single_upstream
56463000341,OC,1688.0715,9343.529,7655.4575,453.5,single_upstream
53151000055,OC,21.2344,7285.2212,7263.9869,34208.61,single_upstream
53130000285,OC,12.9393,3642.6106,3629.6713,28051.57,single_upstream
53130000135,OC,12.9393,3642.6106,3629.6713,28051.57,single_upstream
53130000015,OC,302.0351,7285.2212,6983.1861,2312.04,single_upstream
52139900045,OC,407.8928,3043.1565,2635.2637,646.07,single_upstream
52139900525,OC,301.3461,3043.1565,2741.8104,909.85,single_upstream
52150100035,OC,8785.1183,16257.705,7472.5866,85.06,single_upstream
56463000334,OC,1690.446,9343.529,7653.0829,452.73,single_upstream
53151000045,OC,18.3441,7285.2212,7266.8772,39614.34,single_upstream
53130000215,OC,11.6814,1821.3053,1809.6239,15491.49,single_upstream
53130000125,OC,15.7714,1821.3053,1805.5339,11448.15,single_upstream
53130900025,OC,18.3202,7314.1679,7295.8478,39824.17,conservation_floor
52139900035,OC,331.9253,3043.1565,2711.2313,816.82,single_upstream
52139900145,OC,378.52,5658.7909,5280.2709,1394.98,conservation_floor
52150100026,OC,8713.9962,16257.705,7543.7088,86.57,single_upstream
56463000321,OC,1776.8429,9343.529,7566.686,425.85,single_upstream
53151000035,OC,15.3016,7285.2212,7269.9196,47510.82,single_upstream
53130000205,OC,28.8087,5463.9159,5435.1072,18866.18,conservation_floor
53130000115,OC,15.7714,9106.5265,9090.7551,57640.74,conservation_floor
53130900016,OC,16.2025,7314.1679,7297.9654,45042.12,single_upstream
52139900026,OC,260.4264,3043.1565,2782.7301,1068.53,single_upstream
52139900135,OC,38.5009,12829.3239,12790.8231,33222.17,conservation_floor
52139900115,OC,183.9886,3043.1565,2859.168,1553.99,single_upstream
56463000311,OC,1886.8026,9343.529,7456.7264,395.2,single_upstream
53151000025,OC,240.5844,3642.6106,3402.0263,1414.07,single_upstream
53151000095,OC,240.6071,3642.6106,3402.0035,1413.93,single_upstream
53130000195,OC,84.6906,2731.958,2647.2674,3125.81,single_upstream
53130000235,OC,86.8399,2731.958,2645.1181,3045.97,single_upstream
53130000105,OC,449.7346,4553.2633,4103.5286,912.43,single_upstream
53130000265,OC,23.4883,4553.2633,4529.7749,19285.22,single_upstream
52139900126,OC,38.5833,12829.3239,12790.7406,33150.97,single_upstream
52139900106,OC,183.9886,3043.1565,2859.168,1553.99,single_upstream
52139900015,OC,207.4197,760.7891,553.3694,266.79,single_upstream
56463000301,OC,1944.705,9343.529,7398.824,380.46,single_upstream
53151000016,OC,240.6071,3642.6106,3402.0035,1413.93,single_upstream
53130000255,OC,24.5342,1821.3053,1796.7711,7323.53,single_upstream
53151000085,OC,240.6071,1821.3053,1580.6982,656.96,single_upstream
53130000186,OC,85.426,2731.958,2646.5319,3098.04,single_upstream
53130000226,OC,86.9822,2731.958,2644.9757,3040.82,single_upstream
53130000085,OC,15.5052,4553.2633,4537.7581,29266.07,single_upstream
52150100016,OC,208.003,760.7891,552.7862,265.76,single_upstream
56463000291,OC,2007.5391,9343.529,7335.9899,365.42,single_upstream
53130000246,OC,24.5342,1821.3053,1796.7711,7323.53,single_upstream
53151000076,OC,240.6071,1821.3053,1580.6982,656.96,single_upstream
53130000075,OC,45.3862,9106.5265,9061.1404,19964.53,conservation_floor
56463000284,OC,2009.7309,9343.529,7333.798,364.91,single_upstream
53130000066,OC,45.5124,9106.5265,9061.0141,19908.87,single_upstream
56463000271,OC,2078.7754,9343.529,7264.7536,349.47,single_upstream
56463000261,OC,7210.709,9343.529,2132.82,29.58,single_upstream
56463000251,OC,7210.709,9343.529,2132.82,29.58,single_upstream
56463000241,OC,7210.709,9343.529,2132.82,29.58,single_upstream
56463000231,OC,7210.709,9343.529,2132.82,29.58,single_upstream
56463000221,OC,7210.709,9343.529,2132.82,29.58,single_upstream
56463000211,OC,7210.709,9343.529,2132.82,29.58,single_upstream
56425000031,OC,129776.7934,136725.4587,6948.6653,5.35,conservation_floor
56821300721,OC,10232.5199,141522.3332,131289.8133,1283.06,single_upstream
56425000021,OC,133539.9026,136725.4587,3185.5561,2.39,single_upstream
56821300711,OC,10235.2775,141522.3332,131287.0558,1282.69,single_upstream
56821300701,OC,13302.2698,141522.3332,128220.0634,963.9,single_upstream
56821300691,OC,16454.9978,141522.3332,125067.3354,760.06,single_upstream
56410700081,OC,425.2411,139492.7342,139067.4931,32703.21,single_upstream
56410700071,OC,403.3072,139492.7342,139089.427,34487.21,single_upstream
56410700121,OC,446.7885,69746.3671,69299.5786,15510.6,single_upstream
56410700111,OC,19778.1023,34873.1836,15095.0812,76.32,single_upstream
56410700131,OC,20341.0271,34873.1836,14532.1564,71.44,single_upstream
56410700144,OC,2514.1434,34873.1836,32359.0401,1287.08,single_upstream
56410700041,OC,346.7843,244112.2849,243765.5005,70293.11,conservation_floor
56410700161,OC,3484.5615,34873.1836,31388.622,900.79,single_upstream
56410500351,OC,1008.8109,139492.7342,138483.9233,13727.44,single_upstream
56410500341,OC,1050.1069,139492.7342,138442.6273,13183.67,single_upstream
56410500331,OC,1099.1458,139492.7342,138393.5885,12591.01,single_upstream
56410500511,OC,114.3131,69746.3671,69632.054,60913.45,single_upstream
56410500521,OC,249.1091,69746.3671,69497.258,27898.32,single_upstream
56410500531,OC,250.4964,69746.3671,69495.8707,27743.27,single_upstream
56410500541,OC,224.2433,69746.3671,69522.1238,31002.98,single_upstream
56410500551,OC,375.7015,69746.3671,69370.6656,18464.3,single_upstream
56410500421,OC,377.3099,69746.3671,69369.0572,18385.17,single_upstream
56410500271,OC,655.8962,139492.7342,138836.838,21167.5,single_upstream
56410500261,OC,655.8962,139492.7342,138836.838,21167.5,single_upstream
56410500253,OC,719.6528,139492.7342,138773.0814,19283.34,single_upstream
56410500241,OC,719.6528,139492.7342,138773.0814,19283.34,single_upstream
56410500231,OC,719.6528,139492.7342,138773.0814,19283.34,single_upstream
56410500161,OC,72.1395,139492.7342,139420.5947,193265.38,single_upstream
56410100011,OC,93423.1561,278985.4684,185562.3123,198.63,single_upstream
56399000043,OC,238953.7768,278985.4684,40031.6916,16.75,single_upstream
56510000035,OC,761.7822,278985.4684,278223.6862,36522.73,single_upstream
56510000025,OC,761.7822,278985.4684,278223.6862,36522.73,single_upstream
56510000016,OC,761.7822,278985.4684,278223.6862,36522.73,single_upstream
