reach_id,region,original_facc,corrected_facc,delta,delta_pct,n_rch_up,correction_type
23212000025,EU,16319.8517,17310.1987,990.347,6.07,2,junction_floor
24460000183,EU,27940.8528,28096.266,155.4132,0.56,2,junction_floor
24480300013,EU,48054.3281,89363.7891,41309.4609,85.96,2,junction_floor
24480500033,EU,44681.8945,64926.1172,20244.2227,45.31,2,junction_floor
25258000173,EU,23514.0633,25151.7515,1637.6882,6.96,2,junction_floor
28313000173,EU,1340388.5644,1340965.8489,577.2845,0.04,2,junction_floor
23269000391,EU,2541.0346,3191.8827,650.8481,25.61,2,junction_floor
28311700061,EU,1381916.0378,1457995.8065,76079.7687,5.51,2,junction_floor
21307600055,EU,6699.8644,11697.3975,4997.533,74.59,2,junction_floor
28311900021,EU,1376060.875,1446444.216,70383.341,5.11,2,junction_floor
23269000183,EU,13996.9725,22708.6162,8711.6437,62.24,2,junction_floor
25260500183,EU,28937.3968,30151.9385,1214.5417,4.2,2,junction_floor
28106500591,EU,41223.9633,50216.8786,8992.9153,21.81,2,junction_floor
24420400101,EU,8758.6931,9396.4686,637.7754,7.28,2,junction_floor
22520100031,EU,88411.3035,98872.9469,10461.6434,11.83,2,junction_floor
23267000141,EU,46137.0,91418.0,45281.0,98.14,2,junction_floor
23216000035,EU,17755.0364,23254.1455,5499.1091,30.97,2,junction_floor
22550000051,EU,184518.8666,206765.7031,22246.8365,12.06,2,junction_floor
28324500163,EU,46440.8722,47190.6309,749.7587,1.61,2,junction_floor
29147000111,EU,88024.3857,124342.2982,36317.9125,41.26,2,junction_floor
23180400823,EU,1293.4645,1437.5333,144.0688,11.14,2,junction_floor
26149300061,EU,48331.1068,89244.1758,40913.069,84.65,2,junction_floor
23263000061,EU,103106.1642,198037.7274,94931.5632,92.07,2,junction_floor
25259000233,EU,2145.9788,2192.7069,46.7281,2.18,2,junction_floor
28313000331,EU,1320708.3404,1344042.2012,23333.8608,1.77,2,junction_floor
22310000101,EU,142076.9536,167036.4338,24959.4802,17.57,2,junction_floor
22791500081,EU,187738.1643,374775.883,187037.7188,99.63,2,junction_floor
26120100065,EU,55347.8944,60759.6544,5411.7601,9.78,2,junction_floor
23270600241,EU,20588.3938,40456.3938,19868.0,96.5,2,junction_floor
21307200051,EU,6625.1362,7552.1082,926.972,13.99,2,junction_floor
24380300231,EU,3039.0732,4391.5013,1352.4281,44.5,2,junction_floor
28321000063,EU,277520.6644,419181.08,141660.4156,51.04,2,junction_floor
23221000054,EU,35129.6073,223891.9688,188762.3614,537.33,2,junction_floor
26160500121,EU,25798.897,25953.3486,154.4516,0.6,2,junction_floor
24250000041,EU,47145.9887,50975.1825,3829.1938,8.12,2,junction_floor
24260300011,EU,80935.4141,87015.3452,6079.9312,7.51,2,junction_floor
22731000011,EU,709063.125,807717.1136,98653.9886,13.91,2,junction_floor
23225000031,EU,56405.7998,112636.8125,56231.0127,99.69,2,junction_floor
23261001604,EU,3450.2802,6900.5603,3450.2801,100.0,2,junction_floor
28322600231,EU,12435.5176,24870.5488,12435.0312,100.0,2,junction_floor
23130000265,EU,2002.6208,2326.446,323.8252,16.17,2,junction_floor
23140100141,EU,83399.6595,83843.2097,443.5502,0.53,2,junction_floor
23240400161,EU,13019.9312,13335.6018,315.6706,2.42,2,junction_floor
25210400011,EU,6846.882,7604.5578,757.6757,11.07,2,junction_floor
28361000063,EU,141221.0334,233419.7138,92198.6804,65.29,2,junction_floor
28367100213,EU,66640.5471,68935.3426,2294.7955,3.44,2,junction_floor
22350200043,EU,2841.4903,2887.7753,46.285,1.63,2,junction_floor
28299000795,EU,31828.4865,31854.4533,25.9668,0.08,2,junction_floor
28299000265,EU,93965.3121,93999.0395,33.7274,0.04,2,junction_floor
25251400063,EU,12578.2362,17014.924,4436.6878,35.27,2,junction_floor
25251800081,EU,4090.7708,4991.5928,900.822,22.02,2,junction_floor
22541000021,EU,117105.9957,127730.8135,10624.8178,9.07,2,junction_floor
23283000061,EU,97020.3253,103732.1449,6711.8196,6.92,2,junction_floor
26120900153,EU,3307.9368,3945.5625,637.6257,19.28,2,junction_floor
22797000031,EU,102827.8727,204753.8727,101926.0,99.12,2,junction_floor
23267000311,EU,39358.0,77304.0,37946.0,96.41,2,junction_floor
22798000151,EU,15712.0948,31303.127,15591.0322,99.23,2,junction_floor
24328100023,EU,17123.9224,17515.512,391.5896,2.29,2,junction_floor
28311900111,EU,1366410.507,1552765.2812,186354.7742,13.64,2,junction_floor
22767000071,EU,49387.7271,57757.3311,8369.6039,16.95,2,junction_floor
28380200081,EU,16812.4609,19590.9393,2778.4784,16.53,2,junction_floor
28394000031,EU,7280.0433,8603.2285,1323.1852,18.18,2,junction_floor
23270100045,EU,338.6267,577.1426,238.5159,70.44,2,junction_floor
23160300163,EU,58134.9194,59165.5969,1030.6775,1.77,2,junction_floor
24440400163,EU,4032.4189,6239.7517,2207.3328,54.74,2,junction_floor
23180100243,EU,87724.5189,156633.4375,68908.9186,78.55,2,junction_floor
22602700071,EU,23095.2457,41594.2266,18498.9809,80.1,2,junction_floor
28315000251,EU,1271379.625,1275251.8547,3872.2297,0.3,2,junction_floor
23270600161,EU,37125.7148,59221.7148,22096.0,59.52,2,junction_floor
22791100031,EU,210976.9824,235794.7081,24817.7257,11.76,2,junction_floor
23270600531,EU,13749.2897,20678.2897,6929.0,50.4,2,junction_floor
24328100013,EU,43854.8164,60848.0474,16993.231,38.75,2,junction_floor
24328100071,EU,25702.4247,34973.7852,9271.3605,36.07,2,junction_floor
28380200251,EU,9523.2408,10640.5615,1117.3207,11.73,2,junction_floor
26188900851,EU,1191.7716,1664.7134,472.9418,39.68,2,junction_floor
25260700093,EU,24037.017,37147.5638,13110.5468,54.54,2,junction_floor
23130000055,EU,1418.8257,1672.3502,253.5245,17.87,2,junction_floor
23130000025,EU,2853.6346,4137.9938,1284.3592,45.01,2,junction_floor
26189400061,EU,5416.5458,7595.2518,2178.706,40.22,2,junction_floor
24360000493,EU,1815.8347,2396.699,580.8643,31.99,2,junction_floor
23270300065,EU,390.1203,589.9848,199.8645,51.23,2,junction_floor
25280700013,EU,5865.3412,6319.5264,454.1852,7.74,2,junction_floor
23190800031,EU,3648.4925,5142.1535,1493.661,40.94,2,junction_floor
24270400025,EU,3490.7596,3861.8149,371.0553,10.63,2,junction_floor
24280100163,EU,72236.2841,80625.3613,8389.0772,11.61,2,junction_floor
28283000181,EU,113332.2684,142958.543,29626.2746,26.14,2,junction_floor
26184000011,EU,252299.0312,257195.6418,4896.6106,1.94,2,junction_floor
29471000061,EU,433152.36,443495.8468,10343.4868,2.39,2,junction_floor
28363000013,EU,203877.5214,228538.1387,24660.6173,12.1,2,junction_floor
28328200141,EU,7383.8128,10819.6709,3435.8581,46.53,2,junction_floor
26149600041,EU,9317.9879,9348.4502,30.4623,0.33,2,junction_floor
24221000025,EU,116373.127,230017.4062,113644.2793,97.66,2,junction_floor
22606300303,EU,40555.8458,40587.8115,31.9656,0.08,2,junction_floor
26160200161,EU,8814.865,12315.877,3501.0119,39.72,2,junction_floor
22190200131,EU,3596.7541,7194.1287,3597.3746,100.02,2,junction_floor
24432000181,EU,7034.5915,8537.321,1502.7295,21.36,2,junction_floor
26144500031,EU,20579.147,33466.5781,12887.4311,62.62,2,junction_floor
26190700411,EU,644.2129,911.0427,266.8298,41.42,2,junction_floor
24434000423,EU,679.8165,1013.4554,333.6389,49.08,2,junction_floor
26200100101,EU,1115.3595,1852.3522,736.9927,66.08,2,junction_floor
23286000251,EU,8399.3216,17405.3216,9006.0,107.22,2,junction_floor
22519000391,EU,357475.0467,425141.4966,67666.4499,18.93,2,junction_floor
23285000311,EU,48208.7109,87763.9833,39555.2723,82.05,2,junction_floor
24420700113,EU,5967.5487,7344.1622,1376.6135,23.07,2,junction_floor
23250800885,EU,193266.7188,386473.5435,193206.8248,99.97,2,junction_floor
24324600023,EU,17816.6575,18826.962,1010.3045,5.67,2,junction_floor
22761000011,EU,156621.375,156744.0434,122.6684,0.08,2,junction_floor
24324900023,EU,8979.1504,16463.1953,7484.0449,83.35,2,junction_floor
23261000771,EU,29683.2164,30275.93,592.7136,2.0,2,junction_floor
26146200021,EU,35289.659,35890.1245,600.4654,1.7,2,junction_floor
28464700081,EU,19982.8491,28821.8906,8839.0415,44.23,2,junction_floor
24434000633,EU,270.6981,2723.7144,2453.0163,906.18,2,junction_floor
28466000181,EU,2114.4763,2473.1863,358.7101,16.96,2,junction_floor
24438000031,EU,23972.998,48713.2608,24740.2628,103.2,2,junction_floor
21602200264,EU,9432.3666,11628.4614,2196.0948,23.28,2,junction_floor
21602300071,EU,76865.2275,153680.0,76814.7725,99.93,2,junction_floor
28440300131,EU,36502.1555,60095.5605,23593.405,64.64,2,junction_floor
28322700011,EU,58643.0977,71527.5086,12884.4109,21.97,2,junction_floor
22797000251,EU,91724.8421,175830.0938,84105.2516,91.69,2,junction_floor
22798000421,EU,8902.707,12449.6484,3546.9414,39.84,2,junction_floor
26189400021,EU,79662.9888,83979.5798,4316.591,5.42,2,junction_floor
24360000303,EU,9142.028,13389.1768,4247.1488,46.46,2,junction_floor
22511100031,EU,505838.0625,599068.9926,93230.9301,18.43,2,junction_floor
22511100015,EU,413863.7807,426563.2319,12699.4512,3.07,2,junction_floor
23270300335,EU,514.6355,1198.7956,684.1601,132.94,2,junction_floor
24370000171,EU,12657.8188,13494.4089,836.5902,6.61,2,junction_floor
22791700011,EU,180491.7955,183147.2441,2655.4486,1.47,2,junction_floor
24380100153,EU,47577.3285,50843.4093,3266.0809,6.86,2,junction_floor
22791900031,EU,171082.6663,175983.2525,4900.5863,2.86,2,junction_floor
22792000021,EU,24799.6744,36179.8936,11380.2192,45.89,2,junction_floor
24380300153,EU,27037.2204,52982.4395,25945.219,95.96,2,junction_floor
22513000113,EU,397162.854,449529.0617,52366.2077,13.19,2,junction_floor
22720300041,EU,37306.2771,38676.3789,1370.1018,3.67,2,junction_floor
22202500031,EU,35260.5923,68547.7578,33287.1656,94.4,2,junction_floor
26190800021,EU,17465.5,32685.8301,15220.3301,87.15,3,junction_floor
23160500123,EU,37314.1734,74054.9361,36740.7626,98.46,2,junction_floor
24100700035,EU,26749.4914,26815.7338,66.2424,0.25,2,junction_floor
26148000231,EU,10921.4316,19912.624,8991.1925,82.33,2,junction_floor
23170000045,EU,70984.0312,77065.2734,6081.2422,8.57,2,junction_floor
27103100451,EU,142.0648,328.4885,186.4237,131.22,2,junction_floor
24474000135,EU,11713.5586,17009.1187,5295.5601,45.21,2,junction_floor
23230500665,EU,2043.3038,2538.8377,495.5339,24.25,2,junction_floor
28330500011,EU,629952.4427,633388.5043,3436.0616,0.55,2,junction_floor
24296100063,EU,55951.1562,56146.0945,194.9382,0.35,2,junction_floor
22320300021,EU,14861.9805,40331.8477,25469.8672,171.38,2,junction_floor
23224001264,EU,7794.612,7804.3389,9.7269,0.12,2,junction_floor
29390900125,EU,374.6365,524.9256,150.2891,40.12,2,junction_floor
24244600031,EU,31186.52,52755.1992,21568.6793,69.16,2,junction_floor
22606700161,EU,12039.4143,12160.1431,120.7288,1.0,2,junction_floor
22190200081,EU,9538.4121,9742.799,204.3869,2.14,2,junction_floor
22710100085,EU,792854.125,819680.4873,26826.3623,3.38,2,junction_floor
24450400373,EU,5859.7857,6032.701,172.9153,2.95,2,junction_floor
26188800081,EU,3035.6842,3768.8979,733.2137,24.15,2,junction_floor
28311900323,EU,1358062.9773,1367115.8357,9052.8584,0.67,2,junction_floor
23268000181,EU,12100.0959,16366.1992,4266.1033,35.26,2,junction_floor
25260700313,EU,24087.0569,24148.2299,61.173,0.25,2,junction_floor
21105800041,EU,16781.6591,25812.1088,9030.4497,53.81,2,junction_floor
26144600071,EU,13487.2348,14257.2441,770.0093,5.71,2,junction_floor
28323500063,EU,351084.6976,359016.5838,7931.8862,2.26,2,junction_floor
21602600441,EU,10085.2403,16728.0889,6642.8485,65.87,2,junction_floor
28367100193,EU,68459.7305,70185.0915,1725.361,2.52,2,junction_floor
24324900013,EU,15294.9671,19011.1074,3716.1403,24.3,2,junction_floor
23261000681,EU,31081.6629,32919.6903,1838.0274,5.91,2,junction_floor
23261000095,EU,11764.725,14039.5156,2274.7906,19.34,2,junction_floor
29510200021,EU,238.9802,404.2038,165.2236,69.14,2,junction_floor
28322600031,EU,14561.4826,24133.5117,9572.0291,65.74,2,junction_floor
21602300261,EU,66905.183,133020.0,66114.817,98.82,2,junction_floor
23283000091,EU,94658.0391,188021.2812,93363.2422,98.63,2,junction_floor
22792000173,EU,10120.7879,19503.1595,9382.3716,92.7,2,junction_floor
26120900191,EU,1436.8176,2014.4509,577.6333,40.2,2,junction_floor
26130000065,EU,384412.4524,735815.8043,351403.3519,91.41,2,junction_floor
28440500151,EU,20236.0331,20468.746,232.713,1.15,2,junction_floor
23285000281,EU,48286.0687,96576.0687,48290.0,100.01,2,junction_floor
23267000091,EU,49104.0,96604.0,47500.0,96.73,2,junction_floor
28450200351,EU,7272.6897,7443.2852,170.5955,2.35,2,junction_floor
22780500401,EU,17292.3603,27224.6279,9932.2676,57.44,2,junction_floor
24244100071,EU,77024.4922,84142.4949,7118.0027,9.24,2,junction_floor
23301900025,EU,2323.8303,3505.6173,1181.787,50.86,2,junction_floor
26190700135,EU,13610.5811,24678.541,11067.96,81.32,2,junction_floor
24434000661,EU,2261.5829,3869.8408,1608.2579,71.11,2,junction_floor
26145000231,EU,335657.2097,403341.1973,67683.9876,20.16,2,junction_floor
26200101431,EU,594.1103,757.1292,163.0188,27.44,2,junction_floor
22517000011,EU,412505.3278,435202.9707,22697.6429,5.5,2,junction_floor
21307600091,EU,5254.5973,6564.1401,1309.5428,24.92,2,junction_floor
28440300111,EU,36747.1925,37557.6802,810.4877,2.21,2,junction_floor
21500600201,EU,20559.5938,21202.5554,642.9616,3.13,2,junction_floor
24420100016,EU,19786.1758,44228.4953,24442.3196,123.53,2,junction_floor
22519000121,EU,365267.3124,367959.492,2692.1796,0.74,2,junction_floor
22797000391,EU,76794.5407,126100.957,49306.4164,64.21,2,junction_floor
26143000061,EU,372307.8772,375967.2883,3659.4111,0.98,2,junction_floor
21602600024,EU,20673.4742,22499.592,1826.1178,8.83,2,junction_floor
23214300113,EU,31127.5631,31493.252,365.6889,1.17,2,junction_floor
22710800581,EU,7857.205,15256.7383,7399.5333,94.18,2,junction_floor
29477000101,EU,366833.8578,378937.3325,12103.4748,3.3,2,junction_floor
22739000041,EU,516311.3264,526461.5547,10150.2283,1.97,2,junction_floor
22320600013,EU,22125.2793,36653.25,14527.9707,65.66,2,junction_floor
28365000141,EU,153438.7653,305515.7653,152077.0,99.11,2,junction_floor
28367100013,EU,152465.4147,218572.4147,66107.0,43.36,2,junction_floor
25280200103,EU,1556.9578,2519.8981,962.9403,61.85,2,junction_floor
22511100041,EU,107398.8051,114284.5007,6885.6956,6.41,2,junction_floor
25280500013,EU,9236.0811,18455.1094,9219.0283,99.82,2,junction_floor
26120200011,EU,51208.0781,96183.1602,44975.082,87.83,2,junction_floor
28321000023,EU,672677.5413,1181284.625,508607.0837,75.61,2,junction_floor
23212000451,EU,2696.21,4682.9451,1986.7351,73.69,2,junction_floor
24229000153,EU,11182.3825,17007.8877,5825.5052,52.1,2,junction_floor
24460000073,EU,28548.3384,57041.4159,28493.0775,99.81,2,junction_floor
27106000171,EU,887.4325,1220.5029,333.0705,37.53,2,junction_floor
22792000581,EU,5561.6462,9862.5347,4300.8885,77.33,2,junction_floor
25109100105,EU,561.2037,1021.4493,460.2456,82.01,2,junction_floor
28281500061,EU,186965.5312,194408.3848,7442.8535,3.98,2,junction_floor
28330800023,EU,30944.4186,37014.8443,6070.4256,19.62,2,junction_floor
26183000171,EU,257337.7449,273758.8672,16421.1223,6.38,2,junction_floor
28340100061,EU,63858.2583,109311.4688,45453.2104,71.18,2,junction_floor
23240300154,EU,53107.5975,61452.1328,8344.5353,15.71,2,junction_floor
22202900194,EU,4371.0031,4421.2302,50.2271,1.15,2,junction_floor
27108000035,EU,5125.1109,9204.2599,4079.149,79.59,2,junction_floor
22710100045,EU,793051.75,820004.2672,26952.5172,3.4,2,junction_floor
24296400083,EU,42818.5,74981.0,32162.5,75.11,2,junction_floor
28311700011,EU,604451.4465,1758220.652,1153769.2055,190.88,2,junction_floor
24480800113,EU,8750.6412,9821.3604,1070.7192,12.24,2,junction_floor
25220000423,EU,11014.0,16719.0,5705.0,51.8,2,junction_floor
26200100021,EU,256.5514,333.2495,76.6981,29.9,2,junction_floor
24100100045,EU,969.5035,1528.1927,558.6892,57.63,2,junction_floor
24100700055,EU,26618.7341,29209.4395,2590.7054,9.73,2,junction_floor
22350200013,EU,97169.1007,257239.5994,160070.4987,164.73,2,junction_floor
29498000321,EU,7506.5842,11488.8032,3982.219,53.05,2,junction_floor
28367500034,EU,61834.0214,62115.4454,281.424,0.46,2,junction_floor
28367700061,EU,31694.6426,37933.647,6239.0044,19.68,2,junction_floor
29499700113,EU,16699.6236,31438.5664,14738.9428,88.26,2,junction_floor
22780500341,EU,17292.3603,30655.3017,13362.9414,77.28,2,junction_floor
21406901121,EU,1346.5629,2013.4784,666.9155,49.53,2,junction_floor
22397000011,EU,68123.848,103829.3463,35705.4983,52.41,2,junction_floor
22766000031,EU,11944.8246,13005.7207,1060.8961,8.88,2,junction_floor
25260400141,EU,4795.9286,6615.2256,1819.297,37.93,2,junction_floor
26189100031,EU,93593.8055,100396.069,6802.2635,7.27,2,junction_floor
28316100031,EU,37302.1432,44568.3047,7266.1615,19.48,2,junction_floor
25280400063,EU,8892.6132,17096.793,8204.1797,92.26,2,junction_floor
24370000761,EU,3350.1002,3734.0201,383.9199,11.46,2,junction_floor
21304000121,EU,16334.0681,20271.4883,3937.4202,24.11,2,junction_floor
26189700241,EU,29286.1285,30482.605,1196.4765,4.09,2,junction_floor
23270700061,EU,47856.3543,48492.2553,635.901,1.33,2,junction_floor
22190400041,EU,3599.0422,3703.1863,104.144,2.89,2,junction_floor
25102200081,EU,14413.9253,14713.1979,299.2726,2.08,2,junction_floor
22720700011,EU,23175.433,25060.8657,1885.4327,8.14,2,junction_floor
23222000831,EU,4677.6408,5692.5541,1014.9133,21.7,2,junction_floor
28329500061,EU,26714.3166,34011.9292,7297.6126,27.32,2,junction_floor
22202900111,EU,10993.6321,16460.9805,5467.3484,49.73,2,junction_floor
23250600791,EU,411.2703,1779.5108,1368.2405,332.69,2,junction_floor
23250600361,EU,1222.3383,5175.1561,3952.8178,323.38,2,junction_floor
25251400113,EU,2528.0386,8520.8102,5992.7716,237.05,2,junction_floor
28290600461,EU,4661.6731,8412.8753,3751.2022,80.47,2,junction_floor
28367100023,EU,152465.4147,153212.8245,747.4098,0.49,2,junction_floor
25220000153,EU,16307.2116,16368.5787,61.3671,0.38,2,junction_floor
26188200241,EU,5700.549,8302.1567,2601.6077,45.64,2,junction_floor
26189600141,EU,3711.6726,4556.4577,844.785,22.76,2,junction_floor
25280400153,EU,3319.1258,5652.8066,2333.6808,70.31,2,junction_floor
24380200523,EU,1191.9033,1348.5137,156.6104,13.14,2,junction_floor
22340900043,EU,334.1559,625.5715,291.4156,87.21,2,junction_floor
23281000251,EU,119245.123,195306.1562,76061.0333,63.79,2,junction_floor
22543000161,EU,101006.6536,110328.4551,9321.8015,9.23,2,junction_floor
28465000353,EU,61361.1211,72608.9941,11247.873,18.33,2,junction_floor
24434000993,EU,1370.9709,1908.004,537.0331,39.17,2,junction_floor
24450400323,EU,10831.2635,10891.3256,60.0621,0.55,2,junction_floor
27105500125,EU,122.2996,442.116,319.8164,261.5,2,junction_floor
27105900101,EU,541.6683,961.4371,419.7688,77.5,2,junction_floor
24460000055,EU,45090.0751,57103.3066,12013.2315,26.64,2,junction_floor
23228000111,EU,11615.8388,15772.9531,4157.1143,35.79,2,junction_floor
26182000151,EU,5049.4795,5644.1968,594.7173,11.78,2,junction_floor
28284300121,EU,22557.5164,25666.3322,3108.8158,13.78,2,junction_floor
24230000065,EU,121643.9297,123382.625,1738.6953,1.43,2,junction_floor
27105900041,EU,1757.3453,1891.6814,134.3361,7.64,2,junction_floor
24380300163,EU,3442.4521,3567.3383,124.8862,3.63,2,junction_floor
26189900031,EU,13944.2065,15554.1155,1609.9089,11.55,2,junction_floor
21602300231,EU,67873.2266,202674.6719,134801.4453,198.61,3,junction_floor
23283000121,EU,93676.625,116890.4023,23213.7773,24.78,2,junction_floor
21602100101,EU,95580.0,97634.019,2054.019,2.15,2,junction_floor
23285000361,EU,42587.1328,86320.2494,43733.1166,102.69,2,junction_floor
23267000401,EU,37605.0,75183.0,37578.0,99.93,2,junction_floor
23267000191,EU,44047.0,86765.0,42718.0,96.98,2,junction_floor
21602400181,EU,5691.6065,10505.6021,4813.9956,84.58,2,junction_floor
24324500163,EU,64371.9275,66978.9541,2607.0266,4.05,2,junction_floor
23250900045,EU,195712.2188,196245.4912,533.2724,0.27,2,junction_floor
23261000171,EU,159805.1157,319141.9531,159336.8374,99.71,2,junction_floor
28299000605,EU,964.8704,1174.4117,209.5413,21.72,2,junction_floor
23261000441,EU,139424.8125,275887.625,136462.8125,97.88,2,junction_floor
23261000471,EU,137959.2417,219471.9644,81512.7227,59.08,2,junction_floor
22204001903,EU,770.2764,964.9816,194.7051,25.28,2,junction_floor
26181000025,EU,318506.75,331894.0511,13387.3011,4.2,2,junction_floor
26181000095,EU,252152.1467,252612.1453,459.9986,0.18,2,junction_floor
22204000075,EU,5903.5679,9438.71,3535.1421,59.88,2,junction_floor
26183000071,EU,283353.667,316435.819,33082.152,11.68,2,junction_floor
28284400081,EU,9675.8566,10838.6025,1162.7459,12.02,2,junction_floor
24360000223,EU,18102.1039,18952.5906,850.4867,4.7,3,junction_floor
25280100083,EU,24666.647,27241.8066,2575.1596,10.44,2,junction_floor
28396000151,EU,9884.8122,11764.1709,1879.3587,19.01,2,junction_floor
25104000091,EU,15184.0,25118.0,9934.0,65.42,2,junction_floor
23224000094,EU,15149.6906,17208.4473,2058.7567,13.59,2,junction_floor
23214300051,EU,32827.4099,39008.0896,6180.6797,18.83,2,junction_floor
25102100291,EU,38328.7363,39813.457,1484.7207,3.87,2,junction_floor
22202700201,EU,16925.4987,26744.6328,9819.1341,58.01,2,junction_floor
22740800101,EU,5604.799,10879.5,5274.701,94.11,2,junction_floor
23400300021,EU,7366.3842,12791.9757,5425.5915,73.65,2,junction_floor
28469000061,EU,20135.5282,20651.7288,516.2005,2.56,2,junction_floor
23400400163,EU,5515.3859,7438.6082,1923.2223,34.87,2,junction_floor
24440500271,EU,14092.4568,16873.8066,2781.3498,19.74,2,junction_floor
26147000211,EU,105240.4028,121369.1406,16128.7378,15.33,2,junction_floor
24222300021,EU,45809.6632,46793.2458,983.5826,2.15,2,junction_floor
27103100615,EU,355.6205,357.1659,1.5454,0.43,2,junction_floor
22570000101,EU,56556.9647,70662.5619,14105.5971,24.94,2,junction_floor
26148000311,EU,6376.5034,10604.4799,4227.9765,66.31,2,junction_floor
23180100341,EU,71625.8196,134915.8672,63290.0476,88.36,2,junction_floor
29147000011,EU,126879.2928,208235.2885,81355.9957,64.12,2,junction_floor
24460000913,EU,9883.4814,10447.5225,564.041,5.71,2,junction_floor
27106000605,EU,1534.8899,2050.3359,515.446,33.58,2,junction_floor
29420500061,EU,62518.5513,66554.2344,4035.6831,6.46,2,junction_floor
25255000183,EU,2675.7918,3427.5969,751.8051,28.1,2,junction_floor
28370200091,EU,37506.2975,39983.3032,2477.0057,6.6,2,junction_floor
25256000153,EU,4143.3077,4311.4866,168.1789,4.06,2,junction_floor
28318000013,EU,1205543.2862,1220498.2744,14954.9882,1.24,2,junction_floor
22791500131,EU,184459.8594,208709.4738,24249.6144,13.15,2,junction_floor
28398300041,EU,27963.7013,35979.8438,8016.1424,28.67,2,junction_floor
23270600031,EU,63183.5089,78345.4648,15161.9559,24.0,2,junction_floor
23281000031,EU,134070.3654,267685.8594,133615.494,99.66,2,junction_floor
23263000011,EU,109735.894,219403.7359,109667.8418,99.94,2,junction_floor
23263000101,EU,99015.9828,197808.5156,98792.5328,99.77,2,junction_floor
21309200193,EU,2421.6299,3360.6359,939.006,38.78,2,junction_floor
23270100275,EU,1890.7971,2014.3586,123.5615,6.53,3,junction_floor
26188800051,EU,6920.7165,9539.5156,2618.7991,37.84,2,junction_floor
26188800061,EU,4769.7197,6419.6724,1649.9526,34.59,2,junction_floor
25256000343,EU,4205.7502,7196.908,2991.1578,71.12,2,junction_floor
21103400131,EU,15435.2122,30585.7314,15150.5193,98.16,2,junction_floor
21307900141,EU,1823.2164,1990.5861,167.3697,9.18,2,junction_floor
24324800473,EU,6392.8515,10510.1269,4117.2754,64.4,2,junction_floor
22350400013,EU,249138.9219,251506.9697,2368.0479,0.95,2,junction_floor
25251800051,EU,4779.7129,5082.8953,303.1824,6.34,2,junction_floor
23261000565,EU,2556.099,5017.553,2461.454,96.3,2,junction_floor
28311300055,EU,1405325.5,1405495.8036,170.3036,0.01,2,junction_floor
22764000091,EU,14901.7384,16882.8335,1981.0951,13.29,2,junction_floor
21308000103,EU,12574.0641,12591.3885,17.3244,0.14,2,junction_floor
25260700053,EU,27320.5588,30776.8919,3456.3331,12.65,2,junction_floor
23214400201,EU,4614.5331,5472.48,857.9469,18.59,2,junction_floor
23214700201,EU,8842.1532,14005.5439,5163.3907,58.4,2,junction_floor
23223000061,EU,84672.0011,137676.9102,53004.909,62.6,2,junction_floor
22530000101,EU,333176.9797,409619.5307,76442.551,22.94,2,junction_floor
24434001313,EU,9520.5217,9653.6511,133.1294,1.4,2,junction_floor
26200100061,EU,2057.566,3797.0869,1739.5209,84.54,2,junction_floor
28465000011,EU,77123.5548,173932.047,96808.4922,125.52,2,junction_floor
24435000353,EU,1019.7902,1076.7176,56.9273,5.58,2,junction_floor
21604200281,EU,3000.6911,3285.9481,285.257,9.51,2,junction_floor
23140700093,EU,25762.918,26226.3273,463.4094,1.8,2,junction_floor
23240500101,EU,43633.8775,57200.75,13566.8725,31.09,2,junction_floor
28350000131,EU,483087.9385,489765.6719,6677.7334,1.38,2,junction_floor
24296400141,EU,5364.3787,9757.7465,4393.3678,81.9,2,junction_floor
22320100193,EU,41703.7631,81661.7734,39958.0104,95.81,2,junction_floor
28370200023,EU,254.4546,486.2026,231.748,91.08,2,junction_floor
23285000441,EU,42496.1403,84477.1403,41981.0,98.79,2,junction_floor
23286000361,EU,7401.4787,14300.8473,6899.3685,93.22,2,junction_floor
23289000031,EU,17716.891,26596.8242,8879.9332,50.12,2,junction_floor
21602300191,EU,69889.6717,139728.0,69838.3283,99.93,2,junction_floor
28322200071,EU,11549.0759,14512.3555,2963.2796,25.66,2,junction_floor
26141000091,EU,383897.3668,540928.6095,157031.2427,40.9,2,junction_floor
28322700081,EU,57835.2992,59467.6349,1632.3357,2.82,2,junction_floor
22520100181,EU,73176.2051,80218.2051,7042.0,9.62,2,junction_floor
26190600021,EU,10734.2085,10797.6292,63.4207,0.59,2,junction_floor
26190600031,EU,10579.1935,18592.123,8012.9295,75.74,2,junction_floor
26190600121,EU,2196.6785,2939.6118,742.9333,33.82,2,junction_floor
21602500171,EU,50018.915,54275.207,4256.292,8.51,2,junction_floor
28328500101,EU,7714.3529,12105.8052,4391.4522,56.93,2,junction_floor
26170900385,EU,3564.9414,5939.7441,2374.8028,66.62,2,junction_floor
22320500053,EU,23015.3496,44291.4258,21276.0762,92.44,2,junction_floor
28290600421,EU,8263.9463,13246.7759,4982.8296,60.3,2,junction_floor
23250600421,EU,3164.3206,6223.8087,3059.4881,96.69,2,junction_floor
23250700205,EU,9481.4551,10142.9252,661.4702,6.98,2,junction_floor
22740900101,EU,11426.3576,17837.8027,6411.4451,56.11,2,junction_floor
27102000031,EU,2624.2202,3093.121,468.9008,17.87,2,junction_floor
23160300071,EU,60273.5806,60672.7734,399.1928,0.66,2,junction_floor
26146500011,EU,22255.5723,38031.0664,15775.4941,70.88,2,junction_floor
29146300063,EU,61306.0707,92533.3594,31227.2887,50.94,2,junction_floor
28325500203,EU,183738.1259,183969.1384,231.0125,0.13,2,junction_floor
28366500013,EU,144691.5,248843.0,104151.5,71.98,2,junction_floor
23267000471,EU,37555.0,75034.0,37479.0,99.8,2,junction_floor
23261000611,EU,3450.2802,6900.5603,3450.2801,100.0,2,junction_floor
23212000055,EU,15551.1973,15881.984,330.7867,2.13,2,junction_floor
25260100045,EU,34161.2718,36313.7011,2152.4293,6.3,2,junction_floor
25256000163,EU,3912.6094,4877.0356,964.4262,24.65,2,junction_floor
25256000173,EU,1846.697,2548.319,701.6219,37.99,2,junction_floor
21307900255,EU,2464.4039,3513.0115,1048.6076,42.55,2,junction_floor
22710100095,EU,792725.875,844963.7853,52237.9103,6.59,2,junction_floor
28327300023,EU,109221.7656,114344.627,5122.8613,4.69,2,junction_floor
25280300033,EU,22487.5781,44402.125,21914.5469,97.45,2,junction_floor
25280400433,EU,3233.8606,3396.611,162.7504,5.03,2,junction_floor
23270200015,EU,1770.547,2087.8735,317.3265,17.92,2,junction_floor
22511300113,EU,488032.7812,488206.6045,173.8232,0.04,2,junction_floor
22792000541,EU,7110.2335,8132.6798,1022.4463,14.38,2,junction_floor
28366500223,EU,36376.0,38391.0985,2015.0985,5.54,2,junction_floor
28366200063,EU,151493.0,296749.0,145256.0,95.88,2,junction_floor
28290500091,EU,71341.0451,111532.4268,40191.3817,56.34,2,junction_floor
28106500241,EU,155258.4509,210905.7787,55647.3278,35.84,3,junction_floor
24249100041,EU,37692.4273,66386.4062,28693.9789,76.13,2,junction_floor
28299000755,EU,5984.1941,6037.696,53.5019,0.89,2,junction_floor
28367500063,EU,59005.5577,81618.8555,22613.2978,38.32,2,junction_floor
22761000141,EU,139644.0174,247401.8594,107757.842,77.17,2,junction_floor
26188900591,EU,782.2467,916.857,134.6103,17.21,2,junction_floor
28393000061,EU,151399.0454,151561.8634,162.818,0.11,2,junction_floor
28327900071,EU,82148.0358,92094.8248,9946.789,12.11,2,junction_floor
22720100021,EU,41690.876,43331.3594,1640.4834,3.93,2,junction_floor
25106000543,EU,5302.4958,6993.6305,1691.1347,31.89,2,junction_floor
22203000245,EU,1468.8739,1926.7598,457.8858,31.17,2,junction_floor
26181000165,EU,334753.9355,614687.1875,279933.252,83.62,2,junction_floor
26181000555,EU,28248.9577,28540.4115,291.4538,1.03,2,junction_floor
24360000483,EU,2115.9571,3911.1529,1795.1958,84.84,2,junction_floor
24370000271,EU,10795.7763,12979.594,2183.8177,20.23,2,junction_floor
27105700035,EU,783.0454,811.561,28.5156,3.64,2,junction_floor
26146800013,EU,4203.1653,10904.6371,6701.4718,159.44,2,junction_floor
26147000041,EU,315021.7832,316482.1371,1460.3539,0.46,2,junction_floor
29145000041,EU,148188.8662,148293.7955,104.9293,0.07,2,junction_floor
28323300011,EU,372086.125,372805.7237,719.5987,0.19,2,junction_floor
22530000053,EU,336328.2779,348359.3645,12031.0866,3.58,2,junction_floor
28323800013,EU,13521.0413,15981.1519,2460.1106,18.19,2,junction_floor
26200100301,EU,428.0433,453.6635,25.6202,5.99,2,junction_floor
24434000153,EU,21812.1759,24732.8317,2920.6558,13.39,2,junction_floor
24434000833,EU,1449.4725,1480.0737,30.6012,2.11,2,junction_floor
24434000843,EU,741.1525,999.5823,258.4298,34.87,2,junction_floor
23303500096,EU,4133.2379,4172.3659,39.128,0.95,2,junction_floor
23150000115,EU,4893.3402,6545.8469,1652.5067,33.77,2,junction_floor
23285000381,EU,43906.5542,85444.5554,41538.0012,94.61,2,junction_floor
23287000211,EU,26677.0407,35618.0938,8941.0531,33.52,2,junction_floor
21602300161,EU,70920.2969,141774.0,70853.7031,99.91,2,junction_floor
27105800011,EU,1660.8119,2197.8228,537.0109,32.33,2,junction_floor
24450800763,EU,1885.9229,3047.8674,1161.9445,61.61,2,junction_floor
23263000131,EU,98396.1719,196709.1719,98313.0,99.92,2,junction_floor
26188900091,EU,14784.1341,16336.327,1552.193,10.5,2,junction_floor
24340000041,EU,36674.9378,36828.2194,153.2816,0.42,2,junction_floor
24352000131,EU,21744.1893,23800.481,2056.2916,9.46,2,junction_floor
24460001453,EU,1729.5614,2592.0107,862.4494,49.87,2,junction_floor
22710100035,EU,794154.2618,820006.3623,25852.1005,3.26,2,junction_floor
22710100055,EU,793049.6549,819970.1176,26920.4627,3.39,2,junction_floor
24244600383,EU,1378.0664,1633.1688,255.1025,18.51,2,junction_floor
28327200161,EU,4919.3428,5078.5491,159.2063,3.24,2,junction_floor
24480600043,EU,7243.1502,8165.7562,922.606,12.74,2,junction_floor
23270200255,EU,6941.3711,8989.3531,2047.982,29.5,2,junction_floor
25280500101,EU,1561.9762,1844.9625,282.9863,18.12,2,junction_floor
28317000011,EU,1223827.625,1568390.3416,344562.7166,28.15,2,junction_floor
23270600151,EU,37200.8089,59112.332,21911.5231,58.9,2,junction_floor
22513000143,EU,396737.9014,428605.9199,31868.0185,8.03,2,junction_floor
23270600391,EU,17116.8906,34158.8906,17042.0,99.56,2,junction_floor
23281000241,EU,121235.6719,240442.123,119206.4511,98.33,2,junction_floor
21602300101,EU,75443.0,150736.9405,75293.9405,99.8,2,junction_floor
23285000301,EU,48286.0687,53758.4111,5472.3424,11.33,2,junction_floor
22797000421,EU,5110.2897,10024.5508,4914.2611,96.16,2,junction_floor
21602400011,EU,66286.0,78065.3223,11779.3223,17.77,2,junction_floor
21602300111,EU,75294.0577,84455.7657,9161.708,12.17,2,junction_floor
26143000141,EU,361707.7492,363875.7612,2168.012,0.6,2,junction_floor
26143000161,EU,360488.5278,385617.8991,25129.3713,6.97,2,junction_floor
23301500025,EU,4285.0759,14902.1355,10617.0596,247.77,2,junction_floor
24324500081,EU,67741.2836,69930.8816,2189.598,3.23,2,junction_floor
29499500101,EU,20451.4999,38049.6914,17598.1915,86.05,2,junction_floor
25252000105,EU,14509.1972,27424.1377,12914.9405,89.01,2,junction_floor
29461000121,EU,56690.2878,59307.0252,2616.7374,4.62,2,junction_floor
22720600041,EU,3324.179,3444.5083,120.3293,3.62,2,junction_floor
25102300091,EU,17675.5089,18165.356,489.8471,2.77,2,junction_floor
22202900661,EU,4097.6294,4822.7994,725.17,17.7,2,junction_floor
25105000371,EU,2879.233,4447.9062,1568.6733,54.48,2,junction_floor
22736000103,EU,22577.0082,24910.551,2333.5428,10.34,2,junction_floor
26181000585,EU,312253.5,332969.6393,20716.1393,6.63,2,junction_floor
26181000155,EU,354607.708,645157.5605,290549.8525,81.94,2,junction_floor
23227000101,EU,36538.3423,36621.8825,83.5402,0.23,2,junction_floor
25107300025,EU,4171.9504,5669.7253,1497.7749,35.9,2,junction_floor
28284100051,EU,28950.4771,36053.7227,7103.2456,24.54,2,junction_floor
28285000171,EU,82636.379,115942.3614,33305.9824,40.3,2,junction_floor
24296500241,EU,24962.9761,33961.8906,8998.9145,36.05,2,junction_floor
23263000161,EU,98396.1719,196294.8442,97898.6724,99.49,2,junction_floor
22320700043,EU,16124.127,16212.2194,88.0925,0.55,2,junction_floor
24440400513,EU,3315.2225,5531.5024,2216.2799,66.85,2,junction_floor
28325300081,EU,189136.3568,193581.4351,4445.0782,2.35,2,junction_floor
26190800685,EU,1036.554,1569.8133,533.2593,51.45,2,junction_floor
24435000065,EU,6172.1,12694.0255,6521.9255,105.67,2,junction_floor
28322800061,EU,23189.041,37788.4297,14599.3887,62.96,2,junction_floor
21602300221,EU,68175.2663,69518.6851,1343.4188,1.97,2,junction_floor
25258000203,EU,4874.4048,5069.2124,194.8076,4.0,2,junction_floor
28313000271,EU,1326773.0786,1336298.3584,9525.2798,0.72,2,junction_floor
28370200261,EU,23041.2052,30856.7559,7815.5506,33.92,2,junction_floor
28312000043,EU,11167.1758,14300.4941,3133.3184,28.06,2,junction_floor
23267000601,EU,35737.4922,70501.2115,34763.7193,97.28,2,junction_floor
22769200241,EU,2204.6449,3086.2178,881.5728,39.99,2,junction_floor
22396000413,EU,7739.9456,8835.4829,1095.5373,14.15,2,junction_floor
23268000703,EU,2323.377,2782.0293,458.6523,19.74,2,junction_floor
28393000111,EU,39948.3634,109298.5293,69350.1659,173.6,2,junction_floor
26150100015,EU,780.9837,855.0557,74.072,9.48,2,junction_floor
28326300023,EU,29730.4669,48338.2246,18607.7577,62.59,2,junction_floor
24460000883,EU,12877.1908,13145.5499,268.3591,2.08,2,junction_floor
29420400101,EU,48468.3958,69613.8822,21145.4863,43.63,2,junction_floor
29420500281,EU,29241.4341,52679.3119,23437.8778,80.15,2,junction_floor
26190400061,EU,1396.1037,2527.0928,1130.9891,81.01,2,junction_floor
24322200063,EU,97993.3868,102641.8339,4648.4471,4.74,2,junction_floor
26187000081,EU,205639.1304,226785.1327,21146.0023,10.28,2,junction_floor
25230000025,EU,4924.0225,18483.0539,13559.0314,275.36,2,junction_floor
28395000201,EU,92410.9284,109484.0625,17073.1341,18.48,2,junction_floor
24360000813,EU,9246.2969,18338.1074,9091.8105,98.33,2,junction_floor
23270200161,EU,4359.4809,4454.1773,94.6964,2.17,2,junction_floor
25280500063,EU,3670.5522,13328.2373,9657.6851,263.11,2,junction_floor
26189700161,EU,40235.115,40393.3457,158.2307,0.39,2,junction_floor
21406800011,EU,8112.8086,9594.4219,1481.6133,18.26,2,junction_floor
24380300113,EU,35862.6762,54857.707,18995.0308,52.97,2,junction_floor
23281000231,EU,121235.6719,242468.6719,121233.0,100.0,2,junction_floor
24324800181,EU,10166.7783,10996.2714,829.4931,8.16,2,junction_floor
21307500333,EU,1630.6194,1819.6109,188.9915,11.59,2,junction_floor
28440600314,EU,1594.3627,3010.0391,1415.6764,88.79,2,junction_floor
29430000091,EU,705172.9375,1326566.9375,621394.0,88.12,2,junction_floor
29461000441,EU,108.7041,152.7863,44.0822,40.55,2,junction_floor
23261000065,EU,3618.1323,4401.5442,783.4119,21.65,2,junction_floor
24321000041,EU,281753.5104,283291.0742,1537.5639,0.55,2,junction_floor
26187000161,EU,199527.1205,208473.6143,8946.4937,4.48,2,junction_floor
22320700223,EU,11314.1241,14381.4102,3067.2861,27.11,2,junction_floor
24322900763,EU,2638.1566,2657.6835,19.5269,0.74,2,junction_floor
23250700075,EU,1914.1068,18998.6895,17084.5827,892.56,2,junction_floor
25240000403,EU,7802.8354,14861.7021,7058.8667,90.47,2,junction_floor
29497700223,EU,79578.5166,80086.8182,508.3016,0.64,2,junction_floor
22204000303,EU,2750.363,5482.3915,2732.0285,99.33,2,junction_floor
22735000081,EU,655185.8053,662085.5439,6899.7386,1.05,2,junction_floor
22206000223,EU,5475.9996,8377.1387,2901.1391,52.98,2,junction_floor
28283000011,EU,119165.9453,174804.8393,55638.894,46.69,2,junction_floor
24280500031,EU,55625.6358,62951.5569,7325.9211,13.17,2,junction_floor
25109600025,EU,1228.0845,3802.2402,2574.1557,209.61,2,junction_floor
24294000061,EU,4524.0604,5004.8887,480.8283,10.63,2,junction_floor
22206001103,EU,326.0596,381.6039,55.5443,17.04,2,junction_floor
25210600031,EU,13483.1667,13689.7818,206.6151,1.53,2,junction_floor
28290400131,EU,64875.4945,65156.1008,280.6063,0.43,2,junction_floor
21602600201,EU,14371.006,28377.006,14006.0,97.46,2,junction_floor
21604100173,EU,80184.1543,102604.4688,22420.3145,27.96,2,junction_floor
23140300093,EU,51568.5283,51941.6458,373.1175,0.72,2,junction_floor
23263000121,EU,98396.1719,196787.1719,98391.0,99.99,2,junction_floor
22520500191,EU,27129.618,27820.9292,691.3112,2.55,2,junction_floor
26144700011,EU,17508.8028,22380.2129,4871.4101,27.82,2,junction_floor
21602600101,EU,15220.7175,30642.0,15421.2825,101.32,2,junction_floor
24434001264,EU,15072.4215,20033.3788,4960.9573,32.91,2,junction_floor
28314000251,EU,17157.0275,17667.1956,510.1682,2.97,2,junction_floor
23140300033,EU,81287.3184,81344.7555,57.4371,0.07,2,junction_floor
28324400311,EU,12566.7554,14208.5225,1641.767,13.06,2,junction_floor
27105900035,EU,2165.8557,2299.0136,133.1579,6.15,2,junction_floor
28325900143,EU,167991.1215,288591.625,120600.5035,71.79,2,junction_floor
24440900211,EU,2599.6946,3407.7125,808.0179,31.08,2,junction_floor
28324900231,EU,7347.5275,7815.3882,467.8606,6.37,2,junction_floor
24450200423,EU,1696.6905,2381.8052,685.1147,40.38,2,junction_floor
25259000261,EU,1875.9539,1884.5129,8.559,0.46,2,junction_floor
23286000041,EU,10612.5398,20691.7739,10079.2342,94.97,2,junction_floor
23286000091,EU,10007.659,23136.659,13129.0,131.19,2,junction_floor
22792000461,EU,7620.9397,15202.7295,7581.7898,99.49,2,junction_floor
22519000053,EU,365321.4793,365347.1119,25.6326,0.01,2,junction_floor
26141000121,EU,383897.3668,414389.428,30492.0612,7.94,2,junction_floor
26190400201,EU,5358.3039,8524.4883,3166.1844,59.09,2,junction_floor
22370000021,EU,168655.3608,229641.3867,60986.026,36.16,2,junction_floor
25255000083,EU,5456.7002,9270.9355,3814.2353,69.9,2,junction_floor
28311900561,EU,1378178.4085,1446445.341,68266.9325,4.95,2,junction_floor
26188800011,EU,9591.2031,11847.5947,2256.3916,23.53,2,junction_floor
26188900231,EU,781.8376,802.3564,20.5187,2.62,2,junction_floor
22396000513,EU,35705.4983,41590.2461,5884.7478,16.48,2,junction_floor
24460000873,EU,13171.9626,13585.6653,413.7027,3.14,2,junction_floor
26150800055,EU,6496.9215,24423.25,17926.3285,275.92,2,junction_floor
29420300181,EU,75902.9385,114478.3898,38575.4513,50.82,2,junction_floor
22606700181,EU,9661.7705,14621.3975,4959.627,51.33,2,junction_floor
22350100263,EU,97234.1465,97340.2661,106.1196,0.11,2,junction_floor
28367600083,EU,5539.4498,6221.319,681.8692,12.31,2,junction_floor
25252000141,EU,11826.0465,12368.8778,542.8313,4.59,2,junction_floor
28368000053,EU,2898.448,5298.9882,2400.5402,82.82,2,junction_floor
25260700013,EU,27619.6252,27781.8337,162.2085,0.59,2,junction_floor
28396000371,EU,3921.5583,4425.4644,503.9061,12.85,2,junction_floor
23267000241,EU,42677.0,82091.0,39414.0,92.35,2,junction_floor
22798000201,EU,12801.98,24965.0518,12163.0717,95.01,2,junction_floor
28440900081,EU,1063.4339,1235.2662,171.8323,16.16,2,junction_floor
21602500021,EU,54503.707,107526.0,53022.293,97.28,2,junction_floor
21602500131,EU,50991.3357,100447.5,49456.1643,96.99,2,junction_floor
23221000151,EU,109303.725,130838.332,21534.6071,19.7,2,junction_floor
28329300031,EU,58010.7307,77172.9922,19162.2615,33.03,2,junction_floor
22320400031,EU,13760.9091,26155.0469,12394.1378,90.07,2,junction_floor
22320500063,EU,22145.7129,22935.8231,790.1102,3.57,2,junction_floor
22320500031,EU,15621.4467,23520.9088,7899.4621,50.57,2,junction_floor
26188200181,EU,11629.69,18274.8223,6645.1323,57.14,2,junction_floor
23250700175,EU,9499.3447,18998.6895,9499.3447,100.0,2,junction_floor
26186000351,EU,7426.576,7765.2305,338.6545,4.56,2,junction_floor
24322901041,EU,1755.252,2720.5275,965.2755,54.99,2,junction_floor
23250700105,EU,193617.4375,195222.2291,1604.7916,0.83,2,junction_floor
28296000155,EU,103223.3462,103253.8904,30.5442,0.03,2,junction_floor
25240000253,EU,7457.5487,7943.8436,486.295,6.52,2,junction_floor
26188300031,EU,74315.5533,75204.377,888.8237,1.2,2,junction_floor
28366700163,EU,22140.9466,29182.3203,7041.3737,31.8,2,junction_floor
28366700251,EU,10163.33,12596.9431,2433.6131,23.95,2,junction_floor
28366700113,EU,24178.7749,24411.7284,232.9535,0.96,2,junction_floor
26188300101,EU,65345.0179,75418.8584,10073.8405,15.42,2,junction_floor
24270800111,EU,9419.6367,10722.9434,1303.3066,13.84,2,junction_floor
23229000054,EU,15622.7326,16437.0396,814.3069,5.21,2,junction_floor
25109700035,EU,1890.5077,1951.5951,61.0874,3.23,2,junction_floor
22206000025,EU,9805.5778,16749.7324,6944.1546,70.82,2,junction_floor
22320100103,EU,27279.7941,48290.0692,21010.2751,77.02,2,junction_floor
29493000031,EU,275867.7605,277647.6517,1779.8912,0.65,2,junction_floor
24322900123,EU,32106.8268,41001.0879,8894.2611,27.7,2,junction_floor
24323000023,EU,135827.0435,248870.6007,113043.5571,83.23,2,junction_floor
29497700053,EU,90049.5703,90578.9736,529.4033,0.59,2,junction_floor
25240000301,EU,3555.6516,5318.1768,1762.5251,49.57,2,junction_floor
23303200134,EU,1287.9476,1916.6381,628.6905,48.81,2,junction_floor
23140100313,EU,82688.9805,84991.3919,2302.4114,2.78,2,junction_floor
28323600023,EU,10205.3771,16830.2117,6624.8346,64.92,2,junction_floor
21602600281,EU,13854.2374,26570.2374,12716.0,91.78,2,junction_floor
28464100131,EU,80106.9028,84079.889,3972.9862,4.96,2,junction_floor
28324100073,EU,140299.1915,280627.5101,140328.3186,100.02,2,junction_floor
28324400091,EU,29880.5201,55791.3782,25910.8581,86.71,2,junction_floor
29479000031,EU,350507.8125,366099.0342,15591.2217,4.45,2,junction_floor
23213000105,EU,27177.6102,80058.1486,52880.5384,194.57,2,junction_floor
24100900025,EU,23483.8262,131521.1067,108037.2805,460.05,2,junction_floor
22120300191,EU,89507.4206,98533.6523,9026.2317,10.08,2,junction_floor
24222100061,EU,52307.972,56384.6816,4076.7096,7.79,2,junction_floor
22602100065,EU,42315.9336,62581.9727,20266.0391,47.89,2,junction_floor
28325200053,EU,6560.9548,6738.9863,178.0315,2.71,2,junction_floor
25259000243,EU,1902.4729,2827.8204,925.3475,48.64,2,junction_floor
25259000283,EU,1777.3684,1799.968,22.5996,1.27,2,junction_floor
23267000771,EU,33600.4618,66901.7969,33301.3351,99.11,2,junction_floor
23286000011,EU,10863.7548,24310.9154,13447.1606,123.78,2,junction_floor
23286000391,EU,7043.6026,13667.6026,6624.0,94.04,2,junction_floor
21602300351,EU,10581.3204,12018.6618,1437.3414,13.58,2,junction_floor
22799200241,EU,8055.4218,8061.883,6.4612,0.08,2,junction_floor
22795000011,EU,131713.9844,142575.0525,10861.0681,8.25,2,junction_floor
28440500181,EU,19629.2483,29130.6484,9501.4002,48.4,2,junction_floor
24420400593,EU,609.2529,686.1204,76.8675,12.62,2,junction_floor
22737900021,EU,569254.0,1137411.0,568157.0,99.81,2,junction_floor
22519000613,EU,7792.2657,8608.3306,816.0649,10.47,2,junction_floor
24420700201,EU,1594.2163,2568.6048,974.3885,61.12,2,junction_floor
25255000031,EU,6503.38,8279.0317,1775.6517,27.3,2,junction_floor
28311700071,EU,1381705.75,1534216.363,152510.613,11.04,2,junction_floor
25256000093,EU,4785.8265,5527.8664,742.0399,15.5,2,junction_floor
26188900421,EU,2515.0757,2670.3842,155.3085,6.18,2,junction_floor
23269000051,EU,14735.7765,25879.9979,11144.2214,75.63,2,junction_floor
22769800061,EU,4044.1378,5899.5212,1855.3834,45.88,2,junction_floor
22396000251,EU,15229.9075,17315.5423,2085.6348,13.69,2,junction_floor
25260500203,EU,28837.6136,28901.5825,63.9689,0.22,2,junction_floor
28315000011,EU,1319944.125,1334134.3532,14190.2282,1.08,2,junction_floor
22606100075,EU,72268.3438,75026.0542,2757.7104,3.82,2,junction_floor
24243000031,EU,168019.5336,196286.6875,28267.1539,16.82,2,junction_floor
24244100031,EU,84802.9039,97490.2857,12687.3818,14.96,2,junction_floor
26160300031,EU,57242.1678,62333.8256,5091.6578,8.89,2,junction_floor
26160400191,EU,6007.5537,7547.1991,1539.6453,25.63,2,junction_floor
23250800071,EU,5050.729,5224.8374,174.1084,3.45,2,junction_floor
23261000111,EU,160375.0,161635.8079,1260.8079,0.79,2,junction_floor
24324800503,EU,4990.3588,9488.8569,4498.4982,90.14,2,junction_floor
24324900211,EU,6483.053,8690.6923,2207.6393,34.05,2,junction_floor
24325000141,EU,76010.2333,154323.5781,78313.3448,103.03,2,junction_floor
28311300015,EU,1421714.25,1427442.7669,5728.5169,0.4,2,junction_floor
28289100083,EU,82636.379,92014.3783,9377.9993,11.35,2,junction_floor
28289100093,EU,36764.0938,36838.2952,74.2015,0.2,2,junction_floor
22320700033,EU,18326.625,32248.2539,13921.6289,75.96,2,junction_floor
22320700053,EU,16089.1348,31931.9102,15842.7754,98.47,2,junction_floor
23270300355,EU,1141.3521,1395.6328,254.2807,22.28,2,junction_floor
21302300091,EU,36830.238,55201.3066,18371.0687,49.88,2,junction_floor
26189600041,EU,6111.6782,8633.5635,2521.8853,41.26,2,junction_floor
23270300075,EU,494.2776,1390.6768,896.3991,181.36,2,junction_floor
23270300045,EU,618.0215,650.1288,32.1073,5.2,2,junction_floor
23270600301,EU,19976.4798,39617.4798,19641.0,98.32,2,junction_floor
23270600401,EU,17116.8906,51126.6875,34009.7969,198.69,3,junction_floor
22792000671,EU,4283.2919,6111.9293,1828.6374,42.69,2,junction_floor
22799300101,EU,35676.364,38247.4609,2571.0969,7.21,2,junction_floor
28327800191,EU,3720.0827,4291.6666,571.5838,15.36,2,junction_floor
28328300031,EU,17196.9333,27573.3203,10376.387,60.34,2,junction_floor
28329100091,EU,60652.1959,63257.8171,2605.6212,4.3,2,junction_floor
25104000363,EU,9868.6426,19300.1582,9431.5156,95.57,2,junction_floor
28329400031,EU,9478.4155,15627.1826,6148.7671,64.87,2,junction_floor
22731000091,EU,703835.9375,748053.7515,44217.814,6.28,2,junction_floor
26187000041,EU,208818.0625,209271.3173,453.2548,0.22,2,junction_floor
26187000291,EU,6045.0637,8597.5955,2552.5317,42.23,2,junction_floor
25240000173,EU,17076.3242,17195.1425,118.8183,0.7,2,junction_floor
26181000035,EU,318042.1875,381063.8492,63021.6617,19.82,2,junction_floor
28330500051,EU,620401.9375,626779.52,6377.5825,1.03,2,junction_floor
22736000033,EU,29942.7009,46848.4797,16905.7788,56.46,2,junction_floor
28283000041,EU,119021.1641,237965.3125,118944.1484,99.94,2,junction_floor
22204000055,EU,1460.57,6850.5645,5389.9945,369.03,2,junction_floor
29471000071,EU,426940.3125,853583.875,426643.5625,99.93,2,junction_floor
24321000073,EU,279579.8034,279582.7614,2.958,0.0,2,junction_floor
25220000053,EU,18008.8008,35286.7227,17277.9219,95.94,2,junction_floor
25240001061,EU,2419.4466,2625.6897,206.2431,8.52,2,junction_floor
24323000033,EU,66946.9288,270329.7266,203382.7978,303.8,2,junction_floor
25240000075,EU,22318.8695,42568.3359,20249.4665,90.73,2,junction_floor
28323900073,EU,185551.4784,485237.3537,299685.8753,161.51,2,junction_floor
24434000353,EU,4233.7822,5439.6888,1205.9066,28.48,2,junction_floor
26190800045,EU,13336.4766,26653.4785,13317.002,99.85,2,junction_floor
24434000413,EU,951.4258,1357.3269,405.9011,42.66,2,junction_floor
26190800795,EU,2348.428,3396.8823,1048.4543,44.64,2,junction_floor
26200100531,EU,1002.4048,1294.2615,291.8567,29.12,2,junction_floor
27105900241,EU,502.907,1172.2395,669.3325,133.09,2,junction_floor
24244500101,EU,50830.487,65651.2422,14820.7552,29.16,2,junction_floor
28100100111,EU,41774.4787,45618.9855,3844.5068,9.2,2,junction_floor
24438000191,EU,8943.1655,14660.5315,5717.366,63.93,2,junction_floor
24440500011,EU,21105.262,22763.0038,1657.7418,7.85,2,junction_floor
26146800121,EU,60.7493,70.5751,9.8258,16.17,2,junction_floor
22590100041,EU,46200.2318,55364.3867,9164.1549,19.84,2,junction_floor
24440900053,EU,3147.8807,3240.8541,92.9734,2.95,2,junction_floor
23180400043,EU,15973.726,16544.8867,571.1607,3.58,2,junction_floor
25258000191,EU,5250.3687,9748.8096,4498.4409,85.68,2,junction_floor
21309200183,EU,2556.9328,2603.4612,46.5284,1.82,2,junction_floor
24328100033,EU,16761.1258,58270.3828,41509.257,247.65,2,junction_floor
26188900111,EU,11216.4375,17830.6353,6614.1978,58.97,2,junction_floor
22769200251,EU,1254.1023,1685.2812,431.1789,34.38,2,junction_floor
26188900911,EU,554.3572,591.5222,37.1649,6.7,2,junction_floor
24360000193,EU,18299.252,18481.7448,182.4928,1.0,2,junction_floor
25260600023,EU,28617.1077,28809.7711,192.6634,0.67,2,junction_floor
23286000311,EU,7572.6979,15131.991,7559.2931,99.82,2,junction_floor
23282000261,EU,12210.7656,13676.1384,1465.3728,12.0,2,junction_floor
28322500111,EU,71310.5925,73204.5803,1893.9878,2.66,2,junction_floor
26142100151,EU,35941.5061,38230.0354,2288.5293,6.37,2,junction_floor
23285000341,EU,45142.6474,84519.2188,39376.5714,87.23,2,junction_floor
26142300051,EU,32169.7906,52965.8203,20796.0297,64.64,2,junction_floor
22520400291,EU,17843.4503,19164.9302,1321.4799,7.41,2,junction_floor
26190700301,EU,1674.0378,2206.7789,532.7412,31.82,2,junction_floor
24480800213,EU,4315.1083,5157.6442,842.5359,19.53,2,junction_floor
24298000025,EU,30130.2067,41140.9707,11010.764,36.54,2,junction_floor
28364000011,EU,1772.9189,20434.6796,18661.7607,1052.6,2,junction_floor
24322500063,EU,95578.7939,95702.7273,123.9334,0.13,2,junction_floor
23250700095,EU,1874.0892,193761.602,191887.5128,10238.97,2,junction_floor
29497500273,EU,96020.0262,96837.1855,817.1593,0.85,2,junction_floor
25240000463,EU,6340.0305,7973.8369,1633.8064,25.77,2,junction_floor
25251400073,EU,7569.7687,9435.6516,1865.8829,24.65,2,junction_floor
22350100151,EU,256004.4636,367744.9092,111740.4455,43.65,2,junction_floor
28299000695,EU,3673.3061,3727.5486,54.2425,1.48,2,junction_floor
26188500041,EU,24533.405,32190.7188,7657.3138,31.21,2,junction_floor
25254000201,EU,2804.9546,4179.3955,1374.4409,49.0,2,junction_floor
24360000141,EU,39520.5469,40750.332,1229.7851,3.11,2,junction_floor
25260700023,EU,27348.7439,27389.0876,40.3437,0.15,2,junction_floor
25280400013,EU,21605.0189,21949.7427,344.7238,1.6,2,junction_floor
25280400031,EU,21363.8184,35912.5078,14548.6895,68.1,2,junction_floor
23270400271,EU,47664.0025,47838.8482,174.8457,0.37,2,junction_floor
22780500291,EU,17292.3603,24055.7964,6763.4361,39.11,2,junction_floor
26189700071,EU,48863.5311,49226.5522,363.0212,0.74,2,junction_floor
22511300011,EU,491670.1875,695094.9212,203424.7337,41.37,2,junction_floor
28319000073,EU,1184624.75,1185179.8161,555.0661,0.05,2,junction_floor
23230200065,EU,37485.2567,44481.2948,6996.0381,18.66,2,junction_floor
22740100121,EU,66322.5131,125854.5078,59531.9948,89.76,2,junction_floor
23250600411,EU,3274.2811,3413.2159,138.9348,4.24,2,junction_floor
24324100041,EU,26433.3868,88783.9316,62350.5448,235.88,2,junction_floor
28366700383,EU,17370.9297,25651.9385,8281.0088,47.67,2,junction_floor
22732000771,EU,720.4549,904.2641,183.8092,25.51,2,junction_floor
22732000081,EU,686038.2208,785320.7529,99282.5321,14.47,2,junction_floor
25109700065,EU,1844.5319,3064.1646,1219.6327,66.12,2,junction_floor
28290700071,EU,66545.9268,81643.7406,15097.8138,22.69,2,junction_floor
24322900373,EU,11051.6954,14416.6021,3364.9067,30.45,2,junction_floor
29497700073,EU,88364.0561,88603.1414,239.0853,0.27,2,junction_floor
23160400193,EU,2540.957,2864.5073,323.5503,12.73,2,junction_floor
26145000191,EU,253533.8738,296098.9252,42565.0514,16.79,2,junction_floor
26145000051,EU,340972.821,398570.8318,57598.0108,16.89,2,junction_floor
26146100051,EU,86231.1657,98896.2188,12665.0531,14.69,2,junction_floor
23140300053,EU,79809.3923,104460.6875,24651.2952,30.89,2,junction_floor
26200100121,EU,754.7271,1405.5292,650.8021,86.23,2,junction_floor
28465000323,EU,65167.8879,126347.3438,61179.4558,93.88,2,junction_floor
27105700165,EU,282.8337,511.7951,228.9614,80.95,2,junction_floor
27105900225,EU,1290.0718,2126.0181,835.9463,64.8,2,junction_floor
28326100023,EU,46994.207,54221.6212,7227.4142,15.38,2,junction_floor
26149900071,EU,15675.8283,22585.5342,6909.7059,44.08,2,junction_floor
22606700141,EU,15996.6328,27957.1846,11960.5518,74.77,2,junction_floor
27106000451,EU,631.6348,847.7063,216.0715,34.21,2,junction_floor
28327300013,EU,110919.4609,218307.6953,107388.2344,96.82,2,junction_floor
26200102415,EU,296.7827,511.1105,214.3278,72.22,2,junction_floor
24440500213,EU,14298.4257,24212.4314,9914.0057,69.34,2,junction_floor
22600000011,EU,23587.7363,47851.5607,24263.8244,102.87,2,junction_floor
27103100211,EU,694.9767,700.2731,5.2964,0.76,2,junction_floor
24440900083,EU,2858.3056,3142.805,284.4994,9.95,2,junction_floor
26149100081,EU,96159.0142,135832.7188,39673.7046,41.26,2,junction_floor
23263000171,EU,103416.5469,206198.3283,102781.7814,99.39,2,junction_floor
25256000633,EU,351.7624,440.9411,89.1787,25.35,2,junction_floor
28311900041,EU,1375842.3258,1469544.0797,93701.7539,6.81,2,junction_floor
23267000591,EU,35249.8136,70748.8353,35499.0217,100.71,2,junction_floor
23269000213,EU,10870.7012,11496.9284,626.2272,5.76,2,junction_floor
21105600431,EU,3157.9535,3788.9077,630.9542,19.98,2,junction_floor
28315000021,EU,1309994.8844,1314927.4626,4932.5782,0.38,2,junction_floor
21602100045,EU,96002.1191,191178.0,95175.8809,99.14,2,junction_floor
23282000253,EU,13439.4616,18324.5742,4885.1126,36.35,2,junction_floor
23285000021,EU,68854.3359,137661.8594,68807.5234,99.93,2,junction_floor
24420100101,EU,38341.3585,72971.1914,34629.8329,90.32,2,junction_floor
21602300011,EU,79201.4531,158368.0,79166.5469,99.96,2,junction_floor
26190600081,EU,4726.3102,6574.6978,1848.3876,39.11,3,junction_floor
23250600784,EU,1222.3383,5175.1561,3952.8178,323.38,2,junction_floor
26188300061,EU,67872.9975,68290.6752,417.6776,0.62,2,junction_floor
24324600173,EU,3531.9949,6384.7478,2852.7529,80.77,2,junction_floor
28367400011,EU,3109.8877,6190.4565,3080.5688,99.06,2,junction_floor
28311600031,EU,293422.2149,293501.0527,78.8378,0.03,2,junction_floor
24360000233,EU,17254.6665,18388.3249,1133.6584,6.57,2,junction_floor
28317000113,EU,1207061.875,1207120.0063,58.1313,0.0,2,junction_floor
23270400025,EU,49756.2431,57043.108,7286.8649,14.65,2,junction_floor
22511900013,EU,406885.1368,419787.7895,12902.6527,3.17,2,junction_floor
24380600113,EU,4822.519,4859.0862,36.5672,0.76,2,junction_floor
22202400023,EU,13564.4758,43486.2446,29921.7688,220.59,2,junction_floor
29463000051,EU,171235.8861,340650.125,169414.2389,98.94,2,junction_floor
28109500061,EU,54796.0965,62695.2461,7899.1496,14.42,2,junction_floor
24420400421,EU,1649.5665,1753.4683,103.9017,6.3,2,junction_floor
22738500071,EU,13012.2904,17414.582,4402.2916,33.83,2,junction_floor
26181000205,EU,306964.4777,613535.125,306570.6473,99.87,2,junction_floor
22204002515,EU,5520.4977,10491.2832,4970.7855,90.04,2,junction_floor
29472000181,EU,5648.1073,5657.4929,9.3856,0.17,2,junction_floor
21604800031,EU,8237.9262,8423.291,185.3649,2.25,2,junction_floor
28325500063,EU,121207.7555,179533.1101,58325.3546,48.12,2,junction_floor
21105800371,EU,15294.1967,21180.6895,5886.4928,38.49,2,junction_floor
22799700131,EU,19659.3064,25819.1191,6159.8127,31.33,2,junction_floor
23303700073,EU,1351.5703,2515.7449,1164.1746,86.13,2,junction_floor
22520500131,EU,34207.6382,68440.2715,34232.6334,100.07,2,junction_floor
28323900023,EU,345427.3821,686353.3947,340926.0126,98.7,2,junction_floor
26160500011,EU,33401.3477,64441.3906,31040.043,92.93,2,junction_floor
24434000963,EU,982.8325,1493.1698,510.3373,51.93,2,junction_floor
24434000921,EU,163.82,627.0871,463.2671,282.79,2,junction_floor
23303600024,EU,10638.0391,12920.2578,2282.2188,21.45,2,junction_floor
26200100811,EU,452.1956,548.6615,96.4658,21.33,2,junction_floor
23289000163,EU,12019.8619,12104.8184,84.9564,0.71,2,junction_floor
23290000021,EU,139097.8272,277169.4375,138071.6103,99.26,2,junction_floor
27105400071,EU,2527.2086,3411.9338,884.7252,35.01,2,junction_floor
22606100055,EU,72656.7734,76165.1714,3508.3979,4.83,2,junction_floor
26160100055,EU,37463.1758,74398.0341,36934.8583,98.59,2,junction_floor
24480500043,EU,32462.9492,64914.9492,32452.0,99.97,2,junction_floor
26160500101,EU,27272.3243,29336.5806,2064.2563,7.57,2,junction_floor
23268000021,EU,15045.2451,15517.7646,472.5195,3.14,2,junction_floor
28370900031,EU,181875.8253,201716.2368,19840.4115,10.91,2,junction_floor
25260300043,EU,34145.5917,53933.2481,19787.6564,57.95,2,junction_floor
25260500223,EU,28666.1366,29051.9468,385.8102,1.35,2,junction_floor
25260500193,EU,28877.8872,28912.7778,34.8906,0.12,2,junction_floor
22794000011,EU,17778.8281,23600.625,5821.7969,32.75,2,junction_floor
24420200113,EU,3321.505,4560.2805,1238.7755,37.3,2,junction_floor
28322800021,EU,25407.6308,25972.2759,564.6451,2.22,2,junction_floor
28440700031,EU,8976.2556,13172.7393,4196.4837,46.75,2,junction_floor
22520400541,EU,7643.1079,8561.9134,918.8055,12.02,2,junction_floor
21602500061,EU,53226.0628,106015.0628,52789.0,99.18,2,junction_floor
28450200201,EU,12613.2383,15310.0361,2696.7979,21.38,2,junction_floor
25210600101,EU,10941.2419,12459.744,1518.5021,13.88,2,junction_floor
22740200243,EU,13482.0936,14090.5908,608.4972,4.51,2,junction_floor
28365000033,EU,164567.8094,167056.0822,2488.2728,1.51,2,junction_floor
24322900611,EU,3891.4365,7716.3679,3824.9314,98.29,2,junction_floor
28366700123,EU,23026.9576,39557.7014,16530.7438,71.79,2,junction_floor
28366700133,EU,22186.7717,22295.7486,108.9769,0.49,2,junction_floor
28367100093,EU,69888.2352,71073.2294,1184.9942,1.7,2,junction_floor
23250900015,EU,193617.0469,201266.2204,7649.1736,3.95,2,junction_floor
26188400071,EU,7849.3243,10365.5908,2516.2665,32.06,2,junction_floor
24325000043,EU,89594.6484,177776.3438,88181.6953,98.42,2,junction_floor
25210400231,EU,1240.5837,1315.8207,75.237,6.06,2,junction_floor
24322200053,EU,278659.5312,305324.8399,26665.3087,9.57,2,junction_floor
24360001181,EU,2622.64,3026.4747,403.8347,15.4,2,junction_floor
22399000081,EU,15108.4391,20843.8945,5735.4555,37.96,2,junction_floor
23270100444,EU,299.6079,327.2286,27.6207,9.22,2,junction_floor
21406100121,EU,71407.5919,74031.8989,2624.307,3.68,2,junction_floor
25280500043,EU,7518.228,15019.9541,7501.7261,99.78,2,junction_floor
23270600061,EU,38098.8696,76004.0399,37905.1703,99.49,2,junction_floor
23270600191,EU,21335.6937,43284.6937,21949.0,102.87,2,junction_floor
28321000083,EU,340559.0136,1035905.0,695345.9864,204.18,2,junction_floor
22204000016,EU,13449.3916,26891.1192,13441.7275,99.94,2,junction_floor
28106500533,EU,74973.6179,77706.0085,2732.3906,3.64,2,junction_floor
23214400501,EU,3428.9633,3762.408,333.4446,9.72,2,junction_floor
24480900161,EU,10402.4022,11699.6761,1297.2739,12.47,2,junction_floor
26160900071,EU,4632.4395,8143.678,3511.2385,75.8,2,junction_floor
22202400041,EU,5424.4834,5445.3198,20.8364,0.38,2,junction_floor
29461000391,EU,3418.8173,6789.2611,3370.4439,98.59,2,junction_floor
29479000411,EU,352057.3927,368548.066,16490.6732,4.68,2,junction_floor
29479000431,EU,18039.0347,18369.8325,330.7978,1.83,2,junction_floor
25210400071,EU,5893.9647,6483.7635,589.7989,10.01,2,junction_floor
24322500073,EU,95419.7136,126625.7734,31206.0598,32.7,2,junction_floor
26187000111,EU,202409.125,222623.1818,20214.0568,9.99,2,junction_floor
25240000881,EU,7664.7952,16438.0561,8773.2609,114.46,2,junction_floor
28367100063,EU,70773.0911,132650.1766,61877.0855,87.43,2,junction_floor
23303100065,EU,10777.8018,19646.4473,8868.6455,82.29,2,junction_floor
25106000083,EU,18602.1325,20586.4229,1984.2904,10.67,2,junction_floor
22735000131,EU,618207.6055,638056.5134,19848.9079,3.21,2,junction_floor
22310000041,EU,436615.1875,559271.104,122655.9165,28.09,2,junction_floor
23160500043,EU,46154.6953,90601.8828,44447.1875,96.3,2,junction_floor
22560200101,EU,13090.8817,14412.7388,1321.8571,10.1,2,junction_floor
26146300391,EU,22718.3395,25785.4319,3067.0924,13.5,2,junction_floor
23400200011,EU,4223.436,5455.7449,1232.3088,29.18,2,junction_floor
26146700063,EU,14904.4839,29750.9521,14846.4682,99.61,2,junction_floor
23270900031,EU,47028.7508,60836.7057,13807.9549,29.36,2,junction_floor
22120300303,EU,42583.3078,80500.8629,37917.555,89.04,2,junction_floor
23160700371,EU,34075.5471,38111.6185,4036.0714,11.84,2,junction_floor
23170000025,EU,23279.8679,80214.3959,56934.528,244.57,3,junction_floor
28315000231,EU,1272756.431,1273109.5048,353.0738,0.03,2,junction_floor
23303200021,EU,8786.0335,13489.0,4702.9665,53.53,2,junction_floor
26190700125,EU,4947.0382,14057.8185,9110.7803,184.17,2,junction_floor
26190800875,EU,1968.7441,2188.3112,219.567,11.15,2,junction_floor
26145000111,EU,340273.0386,340429.1194,156.0808,0.05,2,junction_floor
23286000171,EU,9157.1769,19437.1769,10280.0,112.26,2,junction_floor
23286000334,EU,7432.3543,15100.3543,7668.0,103.17,2,junction_floor
24450400453,EU,5387.1815,6855.4563,1468.2748,27.25,2,junction_floor
22602900033,EU,23095.2457,26361.6504,3266.4047,14.14,2,junction_floor
23190200241,EU,13446.6141,18024.6287,4578.0146,34.05,2,junction_floor
27105900025,EU,2219.0132,2321.141,102.1278,4.6,2,junction_floor
24460000901,EU,12604.4171,19766.9873,7162.5702,56.83,2,junction_floor
28327400231,EU,2773.3946,3473.6476,700.253,25.25,2,junction_floor
23267000741,EU,33837.5859,67588.5859,33751.0,99.74,2,junction_floor
28311700081,EU,1381636.25,1456992.6815,75356.4315,5.45,2,junction_floor
24328700061,EU,8504.3362,11329.1084,2824.7722,33.22,2,junction_floor
21105400111,EU,22771.0304,44910.1641,22139.1336,97.22,2,junction_floor
26188901141,EU,1571.0293,2156.8347,585.8053,37.29,2,junction_floor
21105600151,EU,9388.0801,13086.0498,3697.9697,39.39,2,junction_floor
23270100085,EU,236.3496,261.1153,24.7657,10.48,2,junction_floor
26130000075,EU,351918.4375,352254.2112,335.7737,0.1,2,junction_floor
21602300021,EU,79184.0,154286.0,75102.0,94.84,2,junction_floor
22202600051,EU,10427.7785,11977.2246,1549.4461,14.86,2,junction_floor
28450400201,EU,667.3698,940.7173,273.3475,40.96,2,junction_floor
22320700073,EU,15965.9551,20794.481,4828.526,30.24,2,junction_floor
23250700395,EU,1980.0246,11015.6499,9035.6253,456.34,2,junction_floor
28314000461,EU,24098.0762,47925.1445,23827.0684,98.88,2,junction_floor
22761000041,EU,152623.2476,155241.9468,2618.6992,1.72,2,junction_floor
28367100183,EU,68986.6098,69126.745,140.1352,0.2,2,junction_floor
28368000033,EU,5998.448,6697.3594,698.9114,11.65,2,junction_floor
24325000151,EU,77161.7891,149738.2188,72576.4297,94.06,2,junction_floor
24325000263,EU,43884.0938,87709.6328,43825.5391,99.87,2,junction_floor
23270200425,EU,7007.5762,13973.978,6966.4019,99.41,2,junction_floor
23270600071,EU,38002.0199,75603.6436,37601.6237,98.95,2,junction_floor
28321000363,EU,7803.143,8328.2249,525.0819,6.73,2,junction_floor
23270600541,EU,13749.2897,20497.9908,6748.7011,49.08,2,junction_floor
24380300011,EU,36940.0851,39305.1283,2365.0432,6.4,2,junction_floor
25109100025,EU,762.4217,4321.5698,3559.1481,466.82,2,junction_floor
23214400091,EU,11129.6254,11612.5879,482.9625,4.34,2,junction_floor
22720900321,EU,1511.3699,2186.131,674.7611,44.65,2,junction_floor
23250601381,EU,5170.6768,5287.3534,116.6766,2.26,2,junction_floor
23261001651,EU,3226.4773,34050.8523,30824.375,955.36,2,junction_floor
25106000553,EU,1879.8117,2003.6659,123.8542,6.59,2,junction_floor
26184000081,EU,11992.4238,19644.166,7651.7422,63.8,2,junction_floor
29472000161,EU,5661.8561,5935.4896,273.6335,4.83,2,junction_floor
23160200133,EU,2007.8701,4412.2757,2404.4056,119.75,2,junction_floor
26200100725,EU,504.4814,1105.6526,601.1712,119.17,2,junction_floor
24221000101,EU,112786.4771,224502.9453,111716.4682,99.05,2,junction_floor
24450200433,EU,1188.1238,7764.4207,6576.2969,553.5,2,junction_floor
24450200653,EU,1656.4814,2035.9838,379.5023,22.91,2,junction_floor
23263000071,EU,99020.2266,198037.2266,99017.0,100.0,2,junction_floor
28315000063,EU,1293978.375,1305554.4269,11576.0519,0.89,2,junction_floor
21406300101,EU,8114.0981,14467.187,6353.0889,78.3,2,junction_floor
23302100023,EU,2372.1433,3132.055,759.9117,32.03,2,junction_floor
26182000051,EU,39554.0424,45067.0076,5512.9652,13.94,2,junction_floor
26189700041,EU,57251.262,57905.4041,654.1422,1.14,2,junction_floor
28299001095,EU,7098.0896,7098.5743,0.4847,0.01,2,junction_floor
28324400161,EU,29179.2239,43877.5015,14698.2776,50.37,2,junction_floor
26145000251,EU,171410.538,173121.5834,1711.0454,1.0,2,junction_floor
28465000161,EU,75106.4766,75893.5127,787.0361,1.05,2,junction_floor
21500600211,EU,10433.9111,10646.0883,212.1772,2.03,2,junction_floor
